EPCI;LIBEPCI;NATURE_EPCI;NB_COM
200000164;CC de Pange;CC;18
200000172;CC Faucigny-Glières;CC;7
200000321;CA des 2 Rives de la Seine;CA;12
200000354;CC de la Louge et du Touch;CC;14
200000388;CC du Sud Morvan;CC;7
200000420;CC de la Vôge Vers les Rives de la Moselle;CC;11
200000438;CC du Pays de Pontchâteau St Gildas des Bois;CC;9
200000487;CC du Plateau de Lommoye (Ccpl);CC;10
200000537;CC de la Presqu'île de Rhuys;CC;5
200000545;CC des Portes de Romilly Sur Seine;CC;6
200000594;CC Entre Loire et Allier;CC;9
200000610;CC le Minervois;CC;15
200000628;CC Rhône Lez Provence;CC;5
200000636;CC Cévenne et Montagne Ardéchoises;CC;7
200000735;CC de la Viadène;CC;6
200000743;CC du Nebbiu;CC;11
200000776;CA Argenteuil - Bezons;CA;2
200000800;CC Coeur de Sologne;CC;6
200000925;CC de la Plaine Dijonnaise;CC;25
200000933;CC Sauldre et Sologne;CC;13
200000974;CC Sources de la Loire;CC;8
200001006;CC du Pays d'Eguzon-Val de Creuse;CC;8
200001105;CC du Canton de Salies-Du-Salat;CC;22
200001170;CC Aubrac-Lot-Causse;CC;11
200004802;CC du Pays de Fayence;CC;9
200005130;CC du Pays de Trie;CC;22
200005932;CC du Canton de la Ferté-Saint-Aubin;CC;6
200005957;CC de la Région de Rambervillers;CC;30
200006047;CC du Sud Dijonnais;CC;9
200006070;CC Villeneuvois, Diège et Lot;CC;13
200006385;CA de l'Aéroport du Bourget;CA;3
200006393;CC du Val de Vôge;CC;12
200006427;CC Sère - Garonne - Gimone;CC;14
200006435;CC des Terrasses et Plaines des Deux Cantons;CC;6
200006682;CA Beaune, Côte et Sud - Communauté Beaune-Chagny-Nolay;CA;54
200006716;CC du Nogentais;CC;23
200006765;CC des Terres d'Apcher;CC;18
200006781;CC Entre 2 Lacs;CC;12
200006872;CC Champagnole Porte du Haut Jura;CC;38
200006880;CC Moine et Sèvre;CC;10
200006930;CC du Haut Allier;CC;9
200006971;CC du Perche;CC;19
200007052;CC de la Marche Berrichonne;CC;9
200007128;CC Errobi;CC;11
200007177;CC Pays de Nérondes;CC;12
200007425;CC du Canton de Tournay;CC;27
200007433;CC du Canton de Saint-Laurent-De-Neste;CC;18
200009611;CC des Portes du Comminges;CC;24
200010650;CA du Grand Dole;CA;42
200010700;CC Caux Vallée de Seine;CC;47
200011286;CC de l'Aubrac Lozérien;CC;6
200011625;CC du Pays Boulageois;CC;26
200011773;CA Annemasse-Les Voirons-Agglomération;CA;12
200011781;CC Portes du Berry Entre Loire et Val d'Aubois;CC;12
200011799;CC de la Vallée de la Barousse;CC;25
200011997;CC Authie-Maye;CC;34
200012003;CC des 2 Sources;CC;50
200012037;CC de l'Isle Crémieu;CC;21
200012060;CC Petite Montagne;CC;40
200012136;CC Seuil Charente Périgord;CC;15
200012227;CC la Porte du Vignoble;CC;10
200013050;CC Sauer-Pechelbronn;CC;24
200015162;CC de l'Oriente;CC;22
200016905;CC du Pays de Lamastre;CC;11
200017341;CC Lodévois et Larzac;CC;28
200017408;CC Cap Lauragais Cc du Canton de Villefranche de Lauragais;CC;21
200017762;CC de la Motte-Du-Caire -Turriers;CC;15
200017846;CC Etampois Sud Essonne (Ccese);CC;38
200018059;CA du Mont Valérien;CA;3
200018083;CC de Desvres-Samer;CC;31
200018158;CC des Sources de la Tille;CC;10
200018166;CC du Pays du Grésivaudan (Ccpg);CC;47
200018190;CC du Pays d'Entrevaux;CC;6
200018315;CC Apcher-Margeride-Aubrac;CC;3
200018323;CC du Canton de Beaugency;CC;7
200018356;CC du Canton de Mercoeur;CC;10
200018364;CC du Canton de Saint Privat;CC;10
200018406;CC du Romorantinais et du Monestois;CC;15
200018497;CC Aure 2008;CC;3
200018521;CC du Val de Bouzanne;CC;12
200018653;CA Cap Excellence;CA;3
200019008;CC du Pays de Clerval;CC;10
200022515;CC Haut Berry Val de Loire;CC;8
200022523;CA de la Brie Francilienne;CA;2
200022812;CC Gâtine - Autize;CC;13
200022846;CC du Barséquanais;CC;30
200022986;CC du Grand Pic Saint-Loup;CC;36
200022994;CC de Château-Renard;CC;10
200023026;CC du Pays de Bitche;CC;37
200023075;CC du Pays de Maîche;CC;19
200023125;CC les Portes Briardes Entre Villes et Forêts;CC;5
200023216;CC Aubrac-Laguiole;CC;7
200023240;CC Pays de Nemours;CC;12
200023257;CC Sologne Bourbonnais-Nivernais;CC;4
200023273;CC du Nord de l'Aube;CC;7
200023281;CA Mulhouse Alsace Agglomération (M2A);CA;34
200023299;CC Coeur de Tarentaise;CC;9
200023307;CA du Grand Villeneuvois;CA;19
200023323;CC des Vallées du Cristal;CC;18
200023331;CC Pontgibaud Sioule et Volcans;CC;7
200023356;CA Grand Paris Seine Ouest (Gpso);CA;8
200023372;CC de la Vallée de Chamonix-Mont-Blanc;CC;4
200023414;Métropole Rouen Normandie;ME;71
200023430;CA Est Ensemble;CA;9
200023448;CA Terres de France;CA;3
200023489;CC Entre Allier et Bois Noirs;CC;7
200023547;CC du Pays de Luchon;CC;31
200023554;CC du Boulonnais;CC;24
200023562;CC le Coeur du Pithiverais;CC;3
200023620;CC de la Gascogne Toulousaine;CC;14
200023695;CC Coeur Sud Oise;CC;13
200023703;CC des Trois Forêts;CC;5
200023737;CA du Grand Cahors;CA;39
200023778;CC du Pays de St Gilles-Croix-De-Vie;CC;14
200023794;CC du Canton de Blaye;CC;13
200023877;CC du Pays de Vernoux;CC;7
200023919;CC Gâtinais Val de Loing;CC;20
200024487;CC du Val d'Arly - Com'arly;CC;6
200025161;CC de la Raye;CC;5
200026177;CC du Chardon Lorrain;CC;39
200026185;CC de la Vallée de l'Orne;CC;5
200026482;CC Bresse Revermont;CC;37
200026573;CC Haut-Jura Saint-Claude;CC;28
200026722;CC du Canton de Cazères;CC;16
200026979;CA Seine-Défense;CA;2
200027001;CC du Sancerrois;CC;17
200027027;CC Arc Sud Bretagne;CC;12
200027035;CC Bouilly Mogne Aumont;CC;24
200027068;CA du Libournais;CA;34
200027076;CC Arnon Boischaut Cher;CC;19
200027100;CC Méditerranée Porte des Maures;CC;6
200027183;CA Perpignan Méditerranée (PMCA);CA;36
200027217;CC Sarlat-Périgord Noir;CC;13
200027225;CC la Brie des Morin;CC;21
200027274;CC du Coeur de la Brie;CC;10
200027308;CC d'Auberive Vingeanne et Montsaugeonnais;CC;54
200027399;CC Fumel Communauté;CC;19
200027548;CC des Savanes;CC;4
200029734;CC des 4B Sud Charente;CC;46
200029999;CC Rives de l'Ain - Pays du Cerdon;CC;14
200030104;CC les Terres du Gâtinais;CC;16
200030195;Métropole Nice Côte d'Azur;ME;49
200030229;CC du Val des Mauves;CC;8
200030385;CA de Blois Agglopolys;CA;48
200030435;CC d'Aire Sur l'Adour;CC;22
200030518;CC Entre Somme et Loire;CC;17
200030526;CC du Ried de Marckolsheim;CC;17
200030559;CC du Betz et de la Cléry;CC;15
200030583;CC de la Région de Haguenau;CC;14
200030633;CC du Caudrésis et du Catésis;CC;46
200030658;CC du Trièves;CC;28
200030674;CA Val de Garonne Agglomération;CA;43
200030716;CC du Grand Roye;CC;28
200032514;CC Berry-Loire-Vauvise;CC;14
200033025;CA de Bar-Le-Duc - Sud Meuse;CA;33
200033090;CC Plaines et Monts de France;CC;37
200033116;CC Cluses-Arve et Montagnes;CC;10
200033124;CC Lintercom Lisieux-Pays d'Auge-Normandie;CC;33
200033157;CA Caen la Mer;CA;35
200033173;CC de la Haute Vallée de Chevreuse;CC;10
200033181;CA Chartres Métropole;CA;47
200033199;CC Coteaux du Vexin;CC;3
200033207;CC Vierzon-Sologne-Berry;CC;10
200033215;CC Maisons-Mesnil;CC;2
200033298;CC des Coëvrons;CC;39
200033371;CA Europ'essonne (Caee);CA;14
200033413;CA Seine Amont;CA;3
200033520;CC du Brannais;CC;15
200033538;CC les Avant-Monts du Centre Hérault;CC;18
200033579;CU d'Arras;CU;39
200033686;CA Reims Métropole;CA;16
200033827;CC de Fium'orbu Castellu;CC;12
200033868;CC des Ballons des Hautes-Vosges;CC;8
200034023;CC Tarn-Agout;CC;22
200034031;CC des Monts d'Alban et du Villefranchois;CC;15
200034049;CC Centre Tarn;CC;16
200034056;CC du Lautrécois et du Pays d'Agout;CC;26
200034064;CC du Cordais et du Causse (4 C);CC;18
200034098;CC des Montagnes du Griffe;CC;8
200034130;CC Gally Mauldre;CC;11
200034197;CC de Montaigne Montravel et Gurson;CC;18
200034205;CC de la Costa Verde;CC;23
200034270;CC Barr-Bernstein;CC;20
200034288;CC du Pays de Marmoutier-Sommerau;CC;10
200034353;CC Coeur de Puisaye;CC;24
200034361;CA d'Epinal;CA;38
200034379;CC Pays d'Uzès;CC;31
200034411;CC du Piémont Cévenol;CC;34
200034601;CC Causses Aigoual Cévennes;CC;16
200034635;CC du Kochersberg;CC;24
200034676;CC la Ferté-St Michel;CC;2
200034684;CC du Bassin de Neufchâteau;CC;42
200034692;CA du Gard Rhodanien;CA;42
200034700;CA Durance-Lubéron-Verdon Agglomération;CA;26
200034718;CC de Vitry, Champagne et Der;CC;35
200034726;CC Bastides de Lomagne;CC;41
200034817;CA Bergeracoise;CA;27
200034825;CA du Grand Guéret;CA;22
200034833;CC des Bastides Dordogne-Périgord;CC;49
200034841;CC du Sullias;CC;11
200034874;CC Côtes de Meuse Woëvre;CC;25
200034882;CC Pays du Mont-Blanc;CC;10
200034916;CC Asse-Bléone-Verdon;CC;17
200034924;CC les Portes du Poitou;CC;17
200034957;CC du Frontonnais;CC;10
200035020;CC de Billom - Saint-Dier / Vallée du Jauron;CC;21
200035087;CA Rhône Alpilles Durance;CA;13
200035103;CC de la Vallée de la Haute Sarthe;CC;31
200035111;CC des Sources de l'Orne;CC;26
200035129;CC de Cèze Cévennes;CC;23
200035137;CC Marche Occitane - Val d'Anglin;CC;17
200035152;CA Alès Agglomération;CA;50
200035178;CC du Pays de Saint-Eloy;CC;9
200035202;CC Charlieu-Belmont Communauté;CC;25
200035210;CC Chalaronne Centre;CC;15
200035228;CC du Pays de Pont de Roide;CC;11
200035251;CC Di E Tre Pieve : Boziu, Mercoriu E Rogna;CC;12
200035269;CC Chambaran Vinay Vercors;CC;20
200035319;CA Var Esterel Méditerranée (CAVEM);CA;5
200035327;CC Cazals-Salviac;CC;15
200035426;CC la Porte des Vallées;CC;31
200035434;CC les Vertes Collines du Saint-Polois;CC;58
200035442;CC du Sud-Artois;CC;58
200035459;CA d'Agen;CA;29
200035533;CC du Grand Saint Emilonnais;CC;22
200035541;CC des Landes d'Armagnac;CC;27
200035566;CC Portes de Puisaye Forterre;CC;18
200035590;CC Pays de Coulommiers;CC;20
200035632;CC Armagnac Adour;CC;25
200035665;CA Seine Eure;CA;37
200035699;CC du Haut Trégor;CC;15
200035707;CC Piège Lauragais Malepère;CC;38
200035715;CA Carcassonne Agglo;CA;73
200035723;CC Ventoux-Sud;CC;11
200035731;CA Roannais Agglomération;CA;40
200035749;CA Marne la Vallée - Val Maubuée;CA;6
200035756;CC Astarac Arros en Gascogne;CC;37
200035764;CC de la Beauce Loirétaine;CC;23
200035772;CC du Pays du Saintois;CC;55
200035780;CC Plancoët-Plélan;CC;18
200035806;CC de Hazelle en Haye;CC;9
200035814;CA du Pays de Flers;CA;25
200035848;CC du Châtillonnais en Berry;CC;10
200035855;CC Castelnaudary Lauragais Audois;CC;43
200035863;CC Région Lézignanaise, Corbières et Minervois;CC;52
200035871;CC des Corbières;CC;15
200035954;CC du Grand Langres;CC;35
200035970;CC Vexin Centre;CC;34
200035988;CC du Canton de Tinchebray;CC;8
200035996;CC des Vallées du Merlerault;CC;16
200036002;CC des Courbes de l'Orne;CC;21
200036051;CC de la Conca d'Oro;CC;4
200036069;CC du Bassin de Mortagne Au Perche;CC;33
200036077;CC du Golfe de Saint-Tropez;CC;12
200036093;CA Roissy Porte de France;CA;19
200036135;CC Coeur de France;CC;19
200036150;CC des Hauts du Val de Saône;CC;47
200036168;CC des Pays de l'Aigle et de la Marche;CC;25
200036325;CC de la Vallée d'Abondance;CC;6
200036358;CC de Bourmont, Breuvannes, Saint-Blin;CC;45
200036366;CC Vannier Amance;CC;34
200036382;CC des Coteaux de Pouyastruc;CC;27
200036457;CC Bigorre-Adour-Echez;CC;6
200036465;CC Thann-Cernay;CC;17
200036473;CA de Saintes;CA;36
200036499;CC de Marana-Golo;CC;10
200036523;CC des Bastides en Haut Agenais Périgord;CC;43
200036549;CC Val de Gray;CC;37
200036572;CC Porte d'Aquitaine en Pays de Serres;CC;15
200036614;CA Sud Pays Basque;CA;12
200036655;CC du Mortainais;CC;27
200036721;CC du Val de Sée;CC;28
200037059;CC de la Haute Somme;CC;60
200037133;CC du Provinois;CC;40
200038933;CA Privas Centre Ardèche;CA;35
200038958;CC de la Pieve de L'ornano;CC;13
200038982;CC Dame Blanche et Bussière;CC;24
200038990;CC de Saint-Méen Montauban;CC;19
200039022;CA Vitré Communauté;CA;46
200039055;CC du Sombernonnais et de la Vallée de l'Ouche;CC;32
200039063;CC Forêts, Seine et Suzon;CC;25
200039196;CC des Baronnies;CC;23
200039204;CC de Lacq-Orthez;CC;61
200039519;CC du Quercy Blanc;CC;23
200039576;CC du Pays Chablisien;CC;25
200039626;CC du Villeneuvien;CC;11
200039634;CC du Florentinois;CC;15
200039642;CC le Tonnerrois en Bourgogne;CC;52
200039709;CC du Serein;CC;39
200039725;CC Forterre Val d'Yonne;CC;19
200039733;CC de l'Orée de Puisaye;CC;14
200039758;CC Avallon, Vézelay, Morvan;CC;45
200039808;CC des Gorges de l'Ardèche;CC;19
200039824;CC Ardèche des Sources et Volcans;CC;17
200039832;CC Pays des Vans en Cévennes;CC;15
200039857;CA du Pays de Grasse;CA;23
200039865;CA Metz Métropole;CA;44
200039907;CC du Sud Messin;CC;34
200039915;CA des Pays de Lérins;CA;5
200039931;CC Alpes d'Azur;CC;34
200039949;CC Rives de Moselle;CC;20
200039956;CC de Sarrebourg - Moselle Sud;CC;28
200040004;CA du Gapençais;CA;3
200040038;CC Saône Doubs Bresse;CC;27
200040046;CA Saint-Germain Seine et Forêts;CA;10
200040053;CC du Charolais;CC;25
200040061;CC des Luys en Béarn;CC;22
200040087;CC du Tilleul et de la Bourbeuse;CC;20
200040095;CC Isle Vern Salembre en Périgord;CC;17
200040111;CC Coeur de Chartreuse;CC;17
200040137;CC des Lacs de Champagne;CC;43
200040178;CC de l'Outre-Forêt;CC;13
200040194;CC des Feuillardiers;CC;10
200040202;CC Provence Verdon;CC;15
200040210;CC Lacs et Gorges du Verdon;CC;11
200040244;CA du Bocage Bressuirais;CA;44
200040251;CC Bassée-Montois;CC;42
200040269;CC Vesle et Coteaux de la Montagne de Reims;CC;17
200040277;CA du Pays de Dreux;CA;78
200040285;CC du Grand Autunois Morvan;CC;43
200040293;CC du Clunisois;CC;36
200040319;CC des Monts et des Vignes;CC;20
200040327;CC Entre la Grosne et le Mont Saint Vincent;CC;27
200040350;CC Bugey Sud;CC;41
200040384;CC Isle Double Landais;CC;9
200040392;CA Le Grand Périgueux;CA;33
200040400;CC du Pays Ribéracois;CC;46
200040418;CC du Pays de Serres en Quercy;CC;22
200040426;CC du Val de L'oise;CC;32
200040442;CC Luberon Monts de Vaucluse;CC;11
200040459;CA Montélimar-Agglomération;CA;26
200040475;CC Loué - Brûlon - Noyen;CC;29
200040483;CA Valence-Romans Sud Rhône-Alpes;CA;51
200040491;CC Porte de Drômardèche;CC;35
200040509;CC du Crestois et du Pays de Saillans Coeur de Drôme;CC;15
200040541;CC Saône Beaujolais;CC;29
200040558;CC Ecueillé-Valençay;CC;19
200040566;CC de L'ouest Rhodanien;CC;36
200040574;CC Beaujolais Pierres Dorées;CC;34
200040590;CA Villefranche Beaujolais Saône;CA;21
200040616;CC du Pays Vernois et du Terroir de la Truffe;CC;21
200040624;CC Pays d'Apt-Luberon;CC;25
200040657;CC de la Matheysine du Pays de Corps et des Vallées du Valbonnais;CC;44
200040673;CA Poissy-Achères-Conflans Sainte Honorine;CA;3
200040681;CC Enclave des Papes-Pays de Grignan;CC;19
200040715;Grenoble-Alpes-Métropole;ME;49
200040723;CC Bièvre Isère;CC;41
200040764;CC du Sud Corse;CC;7
200040772;CC du Perche & Haut Vendômois;CC;23
200040780;CC Vallées Loir et Braye;CC;26
200040798;CC Val Vanoise Tarentaise;CC;10
200040814;CC Briance Sud Haute Vienne;CC;11
200040830;CC du Pays de Fénelon;CC;19
200040863;CC Val-De-Cher-Controis;CC;29
200040871;CC des Deux Sevi;CC;9
200040889;CC des Portes Sud Périgord;CC;28
200040905;CC Carmausin-Ségala;CC;33
200040947;CC de Flandre Intérieure;CC;50
200040954;CC des Hauts de Flandre;CC;41
200041010;CC Coeur de Savoie;CC;43
200041028;CC Bourbre-Tisserands;CC;11
200041044;CC Hermitage-Tournonais;CC;26
200041051;CC Vallée de la Dordogne et Forêt Bessède;CC;24
200041150;CC du Terrassonnais en Périgord Noir Thenon Hautefort;CC;39
200041168;CC de la Vallée de l'homme;CC;26
200041176;CC du Périgord Vert Nontronnais;CC;17
200041200;CC du Plateau de Lannemezan et des Baïses;CC;20
200041218;CC du Montaigu;CC;16
200041226;CC du Pays de Lourdes;CC;18
200041267;CC du Val d'Adour et du Madiranais;CC;19
200041283;CC de la Plaine du Rhin;CC;19
200041291;CC Vère-Grésigne - Pays Salvagnacois;CC;27
200041317;CA du Niortais;CA;45
200041325;CC du Pays Rhénan;CC;18
200041333;CC de Parthenay-Gâtine;CC;39
200041366;CC Rhône Crussol;CC;13
200041416;CC Airvaudais-Val du Thouet;CC;10
200041440;CC de Domme- Villefranche du Périgord;CC;23
200041465;CC Val Eyrieux;CC;34
200041499;CC Aunis Atlantique;CC;20
200041507;CA La Riviera du Levant;CA;4
200041515;CC du Bassin de Pont-à-Mousson;CC;31
200041523;CC de la Haute Saintonge;CC;131
200041556;CC Portes de la Creuse en Marche;CC;17
200041564;CC du Haut Périgord;CC;11
200041572;CC Dronne et Belle;CC;31
200041606;CC Portes de France;CC;22
200041614;CC Aunis Sud;CC;27
200041622;CC Ardennes Thiérache;CC;37
200041630;CA Charleville-Mézières/Sedan;CA;65
200041671;CC Intercom Risle et Charentonne;CC;24
200041689;CC des Vals de Saintonge;CC;112
200041721;CC de la Haute Comté;CC;38
200041762;CA Rochefort Océan;CA;25
200041788;CA du Pays Nord Martinique;CA;18
200041853;CC du Pays de Montbozon et du Chanois;CC;27
200041861;CC du Triangle Vert;CC;42
200041879;CC Terres de Saône;CC;39
200041887;CC du Val Marnaysien;CC;30
200041960;CC Pévèle-Carembault;CC;38
200041994;CC du Haut Val de Sèvre;CC;19
200042000;CC Bruyères-Vallons des Vosges;CC;41
200042109;CC Fave, Meurthe, Galilée;CC;23
200042117;CC du Pays de Mirecourt;CC;31
200042125;CC Terre de Granite;CC;9
200042133;CC du Pays des Abbayes;CC;20
200042141;CC de Saint-Dié-des-Vosges;CC;9
200042174;CA Lorient Agglomération;CA;25
200042182;CC du Mont des Avaloirs;CC;27
200042190;CA de la Porte du Hainaut;CA;46
200042323;CC du Mellois;CC;25
200042331;CC du Piémont Vosgien;CC;17
200042349;CC du Toulois;CC;34
200042372;CC des Coteaux Arrats Gimone;CC;30
200042380;CC Coeur de Bresse;CC;20
200042406;CC Saône, Seille, Sâne;CC;19
200042414;CC Bresse Revermont 71;CC;17
200042422;CC du Niolu;CC;5
200042430;CC de la Vallée du Golo;CC;17
200042463;CC de la Montagne Noire;CC;24
200042471;CC Cideral;CC;33
200042497;CC Dombes Saône Vallée;CC;19
200042513;CC Argentan Intercom;CC;33
200042596;CC des Dui-Sorru Cruzzini-Cinarca;CC;24
200042604;CC de Granville, Terre et Mer;CC;33
200042620;CC de Suippe et Vesle;CC;19
200042646;CC Avène - Bédarieux - Lamalou - Taussac - le Bousquet d'Orb;CC;24
200042653;CC Canal-Lirou Saint-Chinianais;CC;17
200042695;CC Communauté du Bocage Coutançais;CC;42
200042703;CC de l'Argonne Champenoise;CC;60
200042711;CC du Coeur du Cotentin;CC;24
200042729;CC de la Baie du Cotentin;CC;47
200042794;CC du Nord Champenois;CC;12
200042828;CC Grand-Figeac;CC;80
200042901;CC Drôme Sud Provence;CC;14
200042919;CC Orezza-Ampugnani;CC;29
200042927;CC Tude et Dronne;CC;41
200042935;CC Haut - Bugey;CC;37
200042943;CC du Cap Corse;CC;18
200042976;CC Ardre et Châtillonnais;CC;26
200042984;CC d'Avranches-Mont-Saint-Michel;CC;52
200042992;CC Perthois-Bocage et Der;CC;25
200043008;CA de Châlons en Champagne;CA;38
200043016;CC Val de Charente;CC;34
200043065;CC du Val d'Amboise;CC;14
200043081;CC Chinon, Vienne et Loire;CC;16
200043123;CC Auray Quiberon Terre Atlantique;CC;24
200043156;CC du Pays Rethelois;CC;65
200043164;CC Val et Plateaux Bortois;CC;12
200043172;CA du Bassin de Brive;CA;49
200043255;CC Dinan Communauté;CC;26
200043263;CC Coeur de l'Avesnois;CC;44
200043321;CC du Pays de Mormal;CC;53
200043354;CC Intercom du Bassin de Villedieu;CC;29
200043370;CA Saint-Lo Agglo;CA;73
200043388;CC Fismes Ardre et Vesle;CC;20
200043396;CA Maubeuge Val de Sambre;CA;42
200043404;CC du Sud Avesnois;CC;12
200043420;CC Côtes de Champagne et Saulx;CC;35
200043438;CC de la Moivre À la Coole;CC;25
200043487;CC du Limouxin;CC;54
200043495;CA du Pays de Laon;CA;38
200043602;CC des Albères et de la Côte Vermeille;CC;15
200043610;CC du Mirebalais;CC;12
200043628;CC des Vallées du Clain;CC;16
200043636;CC des Pays Civraisien et Charlois;CC;21
200043693;CC Terre Lorraine du Longuyonnais;CC;27
200043776;CC Pyrénées Audoises;CC;64
200043909;CC du Pays de Saint-Flour Margeride;CC;29
200043917;CA du Bassin d'Annonay;CA;16
200043974;CC du Sud Gironde;CC;30
200043982;CC du Bazadais;CC;31
200043990;CC Vallons de Haute-Bretagne Communauté;CC;20
200044014;CC Creuse Grand Sud;CC;26
200044022;CA de Cambrai;CA;49
200044030;CC des 7 Vallées;CC;69
200044048;CC Osartis Marquion;CC;50
200044055;CA de Béthune Bruay Noeux et Environs;CA;65
200044170;CA de Saint-Dizier, Der et Blaise;CA;39
200044253;CC du Bassin de Joinville en Champagne;CC;59
200044394;CC du Réolais en Sud Gironde;CC;36
200044469;CC du Pays de Mirepoix;CC;33
200044550;CC de l'Ouest Parisien;CC;3
200044618;CA du Douaisis [c.A.D.];CA;35
200044691;CA du Nord Grande Terre;CA;5
200044733;CA Seine & Vexin Com Agglo;CA;17
200046977;Métropole de LYON;ME;59
200047348;CC Causses et Vallée de la Dordogne;CC;62
200047710;CC Florac - Sud Lozère;CC;12
200048551;CC du Pays de Craon;CC;37
200048775;CA Lannion-Trégor Communauté;CA;38
200049187;CA du Grand Verdun;CA;26
200049211;CC Conflent-Canigou;CC;47
200049419;CC du Casaccóni È Gólu Suttanu;CC;7
200049484;CC Boischaut-Marche et Terres du Grand Meaulnes;CC;31
200050532;CC de Petite-Terre;CC;2
240100156;CC de Montrevel - en - Bresse;CC;14
240100339;CC du Canton de Saint Trivier de Courtes;CC;12
240100370;CC du Valromey;CC;15
240100396;CC de la Vallée de l'Albarine;CC;12
240100412;CC Rhône - Chartreuse de Portes;CC;11
240100578;CC du Plateau d'hauteville;CC;8
240100594;CC Val de Saône - Chalaronne;CC;7
240100610;CC du Canton de Montluel;CC;9
240100628;CA Bourg en Bresse Agglomération;CA;15
240100636;CC de Treffort en Revermont;CC;12
240100651;CC du Canton de Coligny;CC;9
240100669;CC des Bords de Veyle;CC;6
240100677;CC du Canton de Chalamont;CC;8
240100685;CC du Canton de Pont de Vaux;CC;12
240100693;CC de la Vallière;CC;9
240100727;CC Montmerle Trois Rivières;CC;8
240100750;CC du Pays de Gex;CC;27
240100800;CC de Miribel et du Plateau;CC;6
240100818;CC du Pays de Bâgé;CC;9
240100826;CC du Canton de Pont de Veyle;CC;12
240100842;CC Bresse Dombes Sud Revermont;CC;6
240100875;CC Centre Dombes;CC;13
240100883;CC de la Plaine de l'Ain;CC;33
240100891;CC du Pays Bellegardien (Ccpb);CC;15
240200261;CA de Saint Quentin;CA;20
240200428;CC des Villes d'Oyse;CC;21
240200436;CC du Pays de la Vallée de l'Aisne;CC;24
240200444;CC de la Thiérache du Centre;CC;68
240200451;CC de la Thiérache d'Aumale;CC;12
240200469;CC du Pays de la Serre;CC;42
240200477;CA du Soissonnais;CA;28
240200485;CC de la Région de Guise;CC;24
240200493;CC du Pays du Vermandois;CC;54
240200501;CC du Val de l'Aisne;CC;64
240200519;CC du Canton d'Oulchy le Château;CC;26
240200527;CC du Canton de Saint Simon (C32s);CC;19
240200550;CC du Canton de Condé en Brie;CC;26
240200568;CC de l'Ourcq et du Clignon;CC;33
240200576;CC de la Champagne Picarde;CC;48
240200584;CC du Canton de Charly Sur Marne;CC;21
240200592;CC du Chemin des Dames;CC;30
240200600;CC du Pays des Trois Rivières;CC;26
240200618;CC de la Région de Château Thierry;CC;25
240200626;CC du Tardenois;CC;20
240200634;CC des Portes de la Thiérache;CC;30
240200642;CC du Val de l'Ailette;CC;26
240200659;CC des Vallons d'Anizy;CC;16
240200683;CC Chauny Tergnier;CC;24
240200691;CC Villers-Cotterêts - Forêt de Retz;CC;18
240300418;CC de la Montagne Bourbonnaise;CC;15
240300426;CA Vichy Val d'Allier;CA;23
240300491;CC du Pays de Lapalisse;CC;14
240300533;CC du Bassin de Gannat;CC;16
240300558;CC du Pays de Tronçais;CC;16
240300566;CC du Val de Cher;CC;10
240300582;CC Commentry-Néris les Bains;CC;12
240300590;CC de la Région de Montmarault;CC;21
240300608;CA Montluçonnaise;CA;10
240300616;CA de Moulins;CA;26
240300624;CC du Pays de Marcillat en Combraille;CC;12
240300640;CC Val de Besbre - Sologne Bourbonnaise;CC;16
240300657;CC du Pays d'huriel;CC;14
240300673;CC le Donjon - Val Libre;CC;14
240300681;CC Sioule, Colettes et Bouble;CC;17
240300699;CC en Pays Saint-Pourcinois;CC;28
240300707;CC Varennes-Forterre;CC;14
240300715;CC Bocage Sud;CC;14
240300723;CC du Pays de Lévis en Bocage Bourbonnais;CC;8
240300731;CC en Bocage Bourbonnais;CC;11
240300756;CC du Pays de Chevagnes en Sologne Bourbonnaise;CC;8
240400010;CC du Teillon;CC;3
240400135;CC du Pays de Seyne;CC;8
240400275;CC Ubaye/Serre-Ponçon;CC;2
240400283;CC du Sisteronais;CC;7
240400291;CC de la Moyenne-Durance;CC;8
240400366;CC de Haute-Provence;CC;8
240400374;CC Vallée de l'Ubaye;CC;14
240400382;CC du Moyen-Verdon;CC;19
240400408;CC des Duyes et Bléone;CC;7
240400440;CC Pays Forcalquier et Montagne de Lure;CC;13
240400481;CC de la Vallée du Jabron;CC;8
240400499;CC du Pays de Banon;CC;12
240400507;CC de Haute-Bléone;CC;6
240400515;CC du Haut-Verdon Val d'Allos;CC;6
240400523;CC Terres de Lumière;CC;7
240400531;CC Lure Vançon Durance;CC;6
240500181;CC du Haut-Buëch;CC;8
240500199;CC Buëch Dévoluy;CC;12
240500215;CC du Champsaur;CC;15
240500223;CC du Queyras;CC;8
240500314;CC de Tallard-Barcillonnette;CC;12
240500322;CC du Canton de Ribiers Val de Méouge;CC;8
240500330;CC du Haut-Champsaur;CC;4
240500348;CC du Valgaudemar;CC;8
240500363;CC de l'Embrunais;CC;8
240500389;CC du Laragnais;CC;7
240500397;CC du Serrois;CC;11
240500413;CC Interdépartementale des Baronnies;CC;16
240500421;CC du Pays de Serre-Ponçon;CC;9
240500439;CC du Briançonnais;CC;13
240500447;CC de la Vallée de l'Oule;CC;3
240500454;CC du Savinois Serre-Ponçon;CC;7
240500462;CC du Pays des Ecrins;CC;9
240500470;CC de la Vallée de l'Avance;CC;9
240500488;CC du Guillestrois;CC;8
240600551;CA de la Riviera Française;CA;15
240600585;CA de Sophia Antipolis;CA;24
240600593;CC du Pays des Paillons;CC;13
240700302;CC du Pays Beaume-Drobie;CC;19
240700310;CC Pays d'Aubenas-Vals;CC;21
240700617;CC Val de Ligne;CC;11
240700674;CC du Vinobre;CC;9
240700708;CC Rhône Helvie;CC;5
240700716;CC du Val d'Ay;CC;10
240700757;CC Vivarhône;CC;11
240700815;CC Berg et Coiron;CC;14
240700831;CC Barres Coiron;CC;10
240700849;CC du Pays de St-Félicien;CC;7
240700864;CC du Rhône Aux Gorges de l'Ardèche;CC;9
240800821;CC Ardenne, Rives de Meuse;CC;19
240800847;CC des Portes du Luxembourg;CC;52
240800862;CC des Crêtes Préardennaises;CC;94
240800920;CC de l'Argonne Ardennaise;CC;100
240800946;CC Meuse et Semoy;CC;9
240900266;CC des Vallées d'Ax;CC;39
240900316;CC d'Auzat et du Vicdessos;CC;10
240900324;CC de l'Agglomération de St-Girons;CC;7
240900332;CC du Canton de Varilhes;CC;18
240900357;CC du Canton d'Oust;CC;8
240900373;CC du Canton de Massat;CC;6
240900381;CC du Pays de Foix;CC;25
240900407;CC du Pays de Pamiers;CC;24
240900415;CC de Saverdun;CC;11
240900423;CC du Seronnais 117;CC;16
240900431;CC du Pays de Tarascon;CC;20
240900464;CC du Pays d'Olmes;CC;23
240900472;CC du Castillonais;CC;26
240900480;CC du Bas Couserans;CC;11
240900498;CC du Val' Couserans;CC;9
240900506;CC du Volvestre Ariégeois;CC;12
240900522;CC de Lèze;CC;13
240900530;CC de l'Arize;CC;14
240900555;CC du Donezan;CC;7
241000223;CC Forêts, Lacs, Terres en Champagne;CC;15
241000256;CC de la Région de Ramerupt;CC;15
241000264;CC de la Région des Riceys;CC;7
241000280;CC Seine Fontaine Beauregard;CC;17
241000363;CC de la Région d'Arcis-Sur-Aube;CC;17
241000371;CC de Plancy-l'abbaye;CC;8
241000389;CC de Soulaines;CC;21
241000397;CA Grand Troyes;CA;19
241000405;CC de la Région de Bar Sur Aube;CC;27
241000413;CC Seine Melda Coteaux;CC;19
241000439;CC des Portes du Pays d'Othe;CC;9
241000447;CC du Pays d'Othe Aixois;CC;13
241000454;CC du Val d'Armance;CC;16
241000462;CC du Chaourcois;CC;26
241000470;CC de l'Arce et de l'Ource;CC;16
241000488;CC de l'Orvin et de l'Ardusson;CC;25
241000496;CC des Rivières;CC;17
241100353;CC Piémont d'Alaric;CC;11
241100429;CC du Pays de Couiza;CC;24
241100593;CA le Grand Narbonne;CA;39
241200054;CC d'Entraygues Sur Truyère;CC;5
241200187;CA du Grand Rodez;CA;11
241200542;CC du Réquistanais;CC;7
241200567;CC de Millau Grands Causses;CC;14
241200583;CC du Bas Ségala;CC;3
241200591;CC de la Vallée du Lot;CC;7
241200609;CC du Canton de Laissac;CC;8
241200617;CC du Carladez;CC;6
241200625;CC du Pays Rignacois;CC;8
241200633;CC du Villefranchois;CC;10
241200641;CC Conques-Marcillac;CC;16
241200658;CC du Pays de Salars;CC;7
241200666;CC de Séverac le Château;CC;5
241200674;CC du Plateau de Montbazens;CC;13
241200690;CC du Pays Baraquevillois;CC;7
241200716;CC des Pays d'Olt et d'Aubrac;CC;7
241200724;CC du Bassin de Decazeville Aubin;CC;5
241200732;CC du Canton de Najac;CC;7
241200765;CC de Lévézou Pareloup;CC;10
241200773;CC Espalion-Estaing;CC;11
241200781;CC de Viaur Céor Lagast;CC;6
241200799;CC du Naucellois;CC;10
241200807;CC Aveyron Ségala Viaur;CC;6
241200815;CC de Bozouls Comtal;CC;5
241200823;CC du Saint Affricain;CC;10
241200831;CC du Pays Saint Serninois;CC;7
241200849;CC Lot et Serre;CC;5
241200856;CC du Rougier de Camarès;CC;11
241200864;CC de l'Argence;CC;7
241200872;CC des Sept Vallons;CC;7
241200880;CC du Pays Belmontais;CC;5
241200906;CC Larzac et Vallées;CC;16
241200914;CC de la Muse et des Raspes du Tarn;CC;13
241300177;SAN Ouest Provence;SA;6
241300201;CA Salon Etang de Berre Durance (Agglopole Provence);CA;17
241300268;CA du Pays d'Aubagne et de l'Etoile (Capae);CA;12
241300276;CA du Pays d'Aix en Provence (Capa);CA;36
241300375;CC Vallée des Baux-Alpilles (CC VBA);CC;10
241300391;CU de Marseille Provence Métropole (Mpm);CU;18
241300409;CA du Pays de Martigues;CA;3
241300417;CA d'Arles-Crau-Camargue-Montagnette;CA;6
241400381;CC de Vire;CC;8
241400415;CC Coeur Côte Fleurie;CC;11
241400514;CC du Pays de Falaise;CC;57
241400522;CC du Canton de Vassy;CC;14
241400548;CC d'Orival;CC;15
241400555;CC de Bayeux Intercom;CC;34
241400613;CC Intercom Balleroy-Le Molay Littry;CC;22
241400621;CC de la Suisse Normande;CC;34
241400639;CC Campagne et Baie de l'Orne (Cabalor);CC;9
241400647;CC du Cingal;CC;17
241400662;CC du Val de Seulles;CC;12
241400670;CC de Trévières;CC;25
241400688;CC Plaine Sud de Caen;CC;8
241400696;CC Entre Thue et Mue;CC;13
241400704;CC de Bény Bocage;CC;20
241400712;CC Pays de Condé et de la Druance;CC;14
241400720;CC Isigny-Grandcamp-Intercom;CC;21
241400738;CC du Pays de Livarot;CC;23
241400746;CC Evrecy Orne-Odon;CC;19
241400753;CC Intercom Séverine;CC;18
241400761;CC de Cambremer;CC;22
241400779;CC de la Vallée d'Auge;CC;20
241400787;CC Bessin Seulles Mer (B.S.M.);CC;11
241400795;CC des Trois Rivières;CC;14
241400811;CC de l'Estuaire de la Dives;CC;6
241400829;CC Entre Bois et Marais;CC;9
241400837;CC du Val Ès Dunes;CC;17
241400845;CC Copadoz;CC;19
241400860;CC Coeur de Nacre;CC;11
241400878;CC Blangy-Pont l'Evêque Intercom;CC;31
241400886;CC du Pays de Honfleur;CC;13
241400894;CC Aunay Caumont Intercom;CC;22
241400902;CC Villers Bocage Intercom;CC;27
241400910;CC du Pays de l'Orbiquet;CC;16
241500230;CA du Bassin d'Aurillac;CA;25
241500248;CC du Pays de Massiac;CC;15
241500255;CC du Pays Gentiane;CC;12
241500271;CC du Pays de Mauriac;CC;11
241500289;CC du Pays de Montsalvy;CC;15
241500917;CC du Pays de Maurs;CC;14
241501014;CC du Pays de Pierrefort-Neuvéglise;CC;13
241501022;CC du Cézallier;CC;18
241501048;CC Cère et Rance en Châtaigneraie;CC;12
241501055;CC Sumène - Artense;CC;14
241501063;CC du Pays de Murat;CC;13
241501071;CC de la Planèze;CC;6
241501089;CC Cère et Goul en Carladès;CC;11
241501097;CC Caldaguès Aubrac;CC;11
241501139;CC du Pays de Salers;CC;27
241600253;CA du Grand Angoulême (Grandangoulême);CA;16
241600303;CC du Rouillacais;CC;20
241600329;CC Braconne et Charente;CC;7
241600345;CC Grand Cognac;CC;14
241600352;CC de la Boixe;CC;14
241600360;CC d'horte et Lavalette;CC;15
241600378;CC du Pays d'Aigre;CC;15
241600394;CC de la Vallée de l'Echelle;CC;7
241600410;CC du Confolentais;CC;26
241600436;CC du Pays Manslois;CC;27
241600469;CC Charente Boëme Charraud;CC;8
241600493;CC de Grande Champagne;CC;12
241600519;CC de la Région de Châteauneuf;CC;18
241600527;CC Bandiat-Tardoire;CC;14
241600543;CC de Jarnac;CC;18
241600568;CC de Haute Charente;CC;37
241700434;CA de la Rochelle;CA;28
241700459;CC de l'Ile de Ré;CC;10
241700517;CC Charente-Arnoult-Coeur de Saintonge;CC;18
241700624;CC de l'Ile d'Oléron;CC;8
241700632;CC du Canton de Gémozac et de la Saintonge Viticole;CC;16
241700640;CA Royan Atlantique;CA;34
241700699;CC du Bassin de Marennes;CC;7
241800234;CC en Terres Vives;CC;11
241800325;CC les Villages de la Forêt;CC;5
241800341;CC les Vals de Cher et d'Arnon;CC;12
241800374;CC la Septaine;CC;17
241800424;CC le Dunois;CC;17
241800432;CC les Trois Provinces;CC;11
241800440;CC les Hautes Terres en Haut Berry;CC;10
241800457;CC Fercher Pays Florentais;CC;9
241800465;CC les Terroirs d'Angillon;CC;8
241800507;CA Bourges Plus;CA;16
241800523;CC les Terres d'Yèvre;CC;3
241800531;CC Coeur du Pays Fort;CC;11
241900133;CC de Ventadour;CC;17
241927201;CA Tulle Agglo;CA;37
241927235;CC du Pays de Pompadour;CC;6
241927243;CC du Pays d'Uzerche;CC;12
241927268;CC du Doustre et du Plateau des Etangs;CC;7
241927284;CC de Bugeat-Sornac-Millevaches Au Coeur;CC;18
241927292;CC du Pays d'Eygurande;CC;9
241927318;CC de Lubersac-Auvézère;CC;6
241927334;CC des Gorges de la Haute-Dordogne;CC;13
241927359;CC du Pays de Beynat;CC;8
241927367;CC du Pays d'Argentat;CC;11
241927375;CC de Vézère-Monédières;CC;12
241927383;CC du Sud Corrézien (sud co);CC;13
241927391;CC des Villages du Midi Corrézien;CC;13
241927417;CC Ussel-Meymac, Haute-Corrèze;CC;19
241927425;CC des Monédières;CC;4
242000354;CA de Bastia;CA;5
242000495;CC de l'Alta Rocca;CC;16
242000503;CC de la Haute Vallée de la Gravona;CC;5
242010015;CC du Taravu;CC;19
242010056;CA du Pays Ajaccien;CA;10
242010072;CC de la Vallée du Prunelli;CC;6
242010098;CC de la Côte des Nacres;CC;3
242010130;CC du Sartenais Valinco;CC;13
242020071;CC du Centre Corse;CC;10
242020097;CC de la Casinca;CC;7
242020105;CC de Calvi Balagne;CC;14
242020113;CC du Bassin de Vie de l'Ile Rousse;CC;5
242020121;CC Di E Cinque Piève Di Balagna;CC;17
242020139;CC Aghja Nova;CC;7
242100030;CC du Pays d'Arnay;CC;20
242100154;CC des Vallées de la Tille et de l'Ignon;CC;23
242100345;CC du Sinemurien;CC;29
242100410;CU Grand Dijon;CU;24
242100501;CC de l'Auxois Sud;CC;25
242100519;CC Val de Norge;CC;10
242101285;CC du Canton de Bligny Sur Ouche;CC;22
242101301;CC du Canton de Vitteaux;CC;28
242101335;CC du Mirebellois;CC;21
242101343;CC de Liernais;CC;14
242101350;CC du Canton de Pontailler-Sur-Saône;CC;19
242101376;CC Plaine des Tilles;CC;4
242101384;CC du Canton de Selongey;CC;8
242101392;CC de la Butte de Thil;CC;20
242101426;CC du Val de Vingeanne;CC;11
242101434;CC du Pays Châtillonnais;CC;107
242101442;CC de Saulieu;CC;12
242101459;CC du Pays d'Alésia et de la Seine;CC;24
242101467;CC de Gevrey-Chambertin;CC;22
242101475;CC du Pays de Nuits Saint Georges;CC;25
242101483;CC Auxonne Val de Saône;CC;16
242101491;CC du Montbardois;CC;33
242101509;CC Rives de Saône, Cc Saint Jean de Losne Seurre;CC;38
242200517;CA Saint-Brieuc Agglomération Baie d'Armor (Sbaba);CA;14
242200533;CC Lamballe Communauté;CC;17
242200566;CC Guingamp Communauté;CC;6
242200574;CC Centre Armor Puissance 4;CC;4
242200582;CC Hardouinais Mené;CC;9
242200590;CC Pontrieux Communauté;CC;7
242200608;CC du Pays de Caulnes;CC;8
242200616;CC Quintin Communauté;CC;10
242200632;CC Arguenon Hunaudaye;CC;6
242200640;CC Lanvollon Plouha;CC;15
242200673;CC du Pays de Duguesclin;CC;9
242200699;CC du Pays de Moncontour de Bretagne;CC;6
242200715;CC du Kreiz-Breizh (Cckb);CC;25
242200723;CC de Bourbriac;CC;10
242200764;CC le Leff Communauté;CC;13
242200780;CC Rance-Frémur;CC;4
242200848;CC Sud-Goëlo;CC;6
242200855;CC du Pays de Belle-Isle-En-Terre;CC;7
242214294;CC Paimpol Goëlo;CC;9
242214344;CC du Pays de Matignon;CC;9
242214393;CC du Pays de Bégard;CC;7
242214427;CC Côte de Penthièvre;CC;6
242214435;CC du Mené;CC;7
242214443;CC de la Presqu'île de Lézardrieux;CC;7
242214450;CC Callac Argoat;CC;11
242300101;CC du Pays Creuse - Thaurion - Gartempe;CC;27
242300127;CC Auzances Bellegarde;CC;26
242300135;CC du Pays Sostranien;CC;10
242303139;CC du Pays de Boussac;CC;15
242320000;CC de Bénévent Grand Bourg;CC;17
242320018;CC du Carrefour des Quatre Provinces;CC;16
242320034;CC Bourganeuf Royère de Vassivière;CC;20
242320067;CC du Haut Pays Marchois;CC;13
242320075;CC des Sources de la Creuse;CC;11
242320083;CC d'Evaux les Bains - Chambon Sur Voueize;CC;13
242320091;CC de Chénérailles;CC;10
242320109;CC du Pays Dunois;CC;17
242400752;CC du Pays de Jumilhac le Grand;CC;9
242400935;CC du Pays de Saint Aulaye;CC;10
242401024;CC du Pays de Lanouaille;CC;11
242401065;CC du Pays Thibérien;CC;15
242401107;CC du Pays de Villamblard;CC;17
242401222;CC du Mussidanais en Périgord;CC;11
242401255;CC des Coteaux de Sigoules;CC;11
242401289;CC Causses et Rivières en Périgord;CC;20
242500320;CC du Canton de Montbenoît;CC;16
242500338;CC du Larmont;CC;10
242500361;CA du Grand Besançon;CA;58
242500379;CC Amancey-Loue-Lison;CC;20
242500619;CC des Isles du Doubs;CC;20
242500668;CC des Premiers Sapins;CC;6
242503886;CA du Pays de Montbéliard;CA;29
242504116;CC du Val de Morteau;CC;8
242504181;CC du Pays de Pierrefontaine - Vercel;CC;44
242504207;CC du Pays d'Ornans;CC;23
242504215;CC du Mont d'Or et des Deux Lacs;CC;19
242504280;CC du Pays de Rougemont;CC;25
242504330;CC du Canton de Quingey;CC;34
242504348;CC des Hauts du Doubs;CC;13
242504355;CC du Plateau de Russey;CC;17
242504363;CC de la Vallée du Rupt;CC;14
242504371;CC du Vallon de Sancey;CC;18
242504389;CC des Trois Cantons;CC;11
242504397;CC de Saint Hippolyte;CC;20
242504421;CC du Val Saint-Vitois;CC;16
242504439;CC de Vaite Aigremont;CC;21
242504447;CC du Pays Baumois;CC;25
242504462;CC des Balcons du Lomont;CC;12
242504470;CC Entre Dessoubre et Barbeche;CC;14
242504488;CC Altitude 800;CC;11
242504496;CC du Plateau de Frasne et du Val de Drugeon (Cfd);CC;10
242600252;CC du Val de Drôme;CC;30
242600492;CC Dieulefit-Bourdeaux;CC;21
242600534;CC du Diois;CC;52
242600542;CC du Vercors;CC;5
242600567;CC du Pays de l'herbasse;CC;9
242600575;CC du Pays du Buis les Baronnies;CC;21
242600583;CC le Pays du Royans;CC;13
242600591;CC du Val d'Eygues;CC;20
242600641;CC des Hautes Baronnies;CC;12
242600658;CC du Pays de Rémuzat;CC;14
242700276;CC du Pays de Conches;CC;27
242700284;CC de l'Andelle;CC;19
242700292;CC du Roumois Nord;CC;19
242700318;CC du Canton de Beaumesnil;CC;17
242700326;CC du Canton de Bourgtheroulde-Infreville;CC;18
242700334;CC du Pays de Damville;CC;16
242700359;CC de Quillebeuf Sur Seine;CC;14
242700367;CC de Pont-Audemer;CC;14
242700375;CC du Canton de Rugles;CC;16
242700383;CC d'Amfreville la Campagne;CC;24
242700417;CC du Canton de Lyons la Forêt;CC;13
242700425;CC du Canton de Thiberville;CC;21
242700433;CC du Canton de Cormeilles;CC;11
242700441;CC du Canton d'Etrépagny;CC;20
242700466;CC du Canton de Broglie;CC;20
242700474;CC Val de Risle;CC;14
242700490;CC du Pays de Verneuil Sur Avre;CC;17
242700508;CC Intercom du Pays Brionnais;CC;23
242700516;CC Epte - Vexin - Seine;CC;20
242700524;CC du Vièvre-Lieuvin;CC;14
242700557;CC Rurales du Sud de l'Eure;CC;12
242700565;CC la Porte Normande;CC;26
242700573;CA Grand Evreux Agglomération;CA;37
242700581;CC de Bernay et des Environs;CC;14
242700599;CC du Canton de Beuzeville;CC;16
242700607;CC du Pays du Neubourg;CC;34
242700615;CC du Canton de Breteuil-Sur-Iton;CC;14
242700623;CC Eure-Madrie-Seine;CC;23
242700631;CC des Andelys et de Ses Environs;CC;21
242700649;CA des Portes de l'Eure;CA;41
242700656;CC Gisors Epte Lévrière;CC;16
242800290;CC de la Beauce d'Orgères;CC;17
242852309;CC de l'Orée du Perche;CC;8
242852416;CC du Val Drouette;CC;5
242852424;CC des Trois Rivières;CC;15
242852432;CC des Terrasses et Vallées de Maintenon;CC;10
242852465;CC du Bonnevalais;CC;21
242852473;CC du Pays de Combray;CC;17
242852481;CC du Pays Courvillois;CC;16
242852499;CC de la Beauce Vovéenne;CC;22
242852515;CC du Perche Senonchois;CC;7
242852531;CC de la Beauce Alnéloise;CC;24
242852549;CC des Portes du Perche;CC;13
242852564;CC du Perche Gouët;CC;16
242852572;CC des Quatre Vallées;CC;12
242852580;CC des Plaines et Vallées Dunoises;CC;12
242852598;CC du Dunois;CC;5
242852606;CC du Val de Voise;CC;6
242852614;CC de la Beauce de Janville;CC;19
242852630;CC du Perche Thironnais;CC;10
242900074;CC du Pays d'Iroise;CC;20
242900314;Brest Métropole;ME;8
242900553;CC du Pays des Abers;CC;13
242900561;CC de Haute Cornouaille;CC;11
242900629;CC Cap Sizun - Pointe du Raz;CC;11
242900637;CC du Yeun Elez;CC;8
242900645;CC Douarnenez Communauté;CC;5
242900652;CC du Pays Glazik;CC;5
242900660;CC du Pays Fouesnantais;CC;7
242900694;CC du Pays de Quimperlé;CC;16
242900702;CC du Pays Bigouden Sud;CC;12
242900710;CC du Haut Pays Bigouden;CC;10
242900728;CA Quimper Communauté;CA;8
242900736;CC de la Baie du Kernic;CC;6
242900744;CC Poher Communauté;CC;11
242900751;CC du Pays de Landivisiau;CC;19
242900769;CA Concarneau Cornouaille Agglomération;CA;9
242900777;CC du Pays Léonard;CC;8
242900785;CC des Monts d'Arrée;CC;5
242900793;CC Pays de Lesneven et Côte des Légendes;CC;15
242900801;CC du Pays de Landerneau-Daoulas;CC;22
242900827;CC de la Presqu'île de Crozon;CC;7
242900835;CA Morlaix Communauté;CA;28
242913309;CC de la Région de Pleyben;CC;6
242913317;CC de l'Aulne Maritime;CC;4
242913325;CC du Pays de Châteaulin et du Porzay;CC;11
243000270;CC du Pays Viganais;CC;22
243000296;CC du Pays de Sommières;CC;17
243000452;CC Vivre en Cévennes;CC;7
243000528;CC des Hautes Cévennes;CC;10
243000536;CC de la Côte du Rhône Gardoise;CC;3
243000551;CC du Pays Grand Combien;CC;9
243000569;CC Rhony, Vistre, Vidourle;CC;10
243000585;CC Beaucaire Terre d'Argence;CC;5
243000593;CC de Petite Camargue;CC;5
243000643;CA de Nîmes Métropole;CA;27
243000650;CC Terre de Camargue;CC;3
243000684;CC du Pont du Gard;CC;17
243000742;CC Leins Gardonnenque;CC;14
243100179;CC Coteaux du Lauragais Sud (Co.Laur.Sud);CC;10
243100377;CC du Canton de Saint-Martory;CC;12
243100518;Toulouse Métropole;ME;37
243100542;CC de la Vallée de l'Ariège;CC;14
243100567;CC Lauragais Revel Sorezois;CC;27
243100609;CC des Trois Vallées;CC;21
243100633;CA du Sicoval;CA;36
243100641;CC Nebouzan-Rivière-Verdun;CC;17
243100658;CC du Volvestre;CC;28
243100682;CC de Lèze Ariège Garonne;CC;5
243100690;CA du Muretain;CA;16
243100708;CC Axe Sud;CC;4
243100716;CC de Garonne - Louge;CC;4
243100724;CC du Haut Comminges;CC;24
243100732;CC des Coteaux du Girou;CC;18
243100765;CC des Terres d'Aurignac;CC;19
243100773;CC Val'aïgo;CC;8
243100781;CC de la Save Au Touch;CC;8
243100799;CC du Saint Gaudinois;CC;21
243100815;CC des Coteaux Bellevue;CC;7
243100849;CC du Canton de Saint-Béat;CC;22
243100856;CC du Canton de Cadours;CC;16
243100864;CC de Save et Garonne;CC;13
243100872;CC Rurales des Coteaux du Savès et de l'Aussonnelle;CC;6
243100880;CC Coeur Lauragais;CC;27
243100898;CC du Savès;CC;18
243200300;CC Val de Gers;CC;36
243200391;CC de la Lomagne Gersoise;CC;43
243200409;CC du Bas Armagnac;CC;26
243200417;CC de la Tenarèze;CC;27
243200425;CC Coeur d'Astarac en Gascogne;CC;19
243200458;CC du Grand Armagnac;CC;25
243200508;CC Bastides et Vallons du Gers;CC;30
243200516;CC des Hautes Vallées;CC;9
243200540;CA du Grand Auch Agglomération;CA;15
243200565;CC Coeur de Gascogne;CC;19
243200599;CC du Saves;CC;32
243200607;CC Artagnan de Fezensac;CC;25
243300316;Bordeaux Métropole;ME;28
243300563;CA Bassin d'Arcachon Sud-Pôle Atlantique (Cobas);CA;4
243300738;CC de la Pointe du Médoc;CC;11
243300811;CC de l'Estuaire - Canton de Saint Ciers Sur Gironde;CC;11
243300837;CC du Centre Médoc;CC;8
243300894;CC du Canton de Bourg;CC;15
243301124;CC du Sauveterrois;CC;32
243301165;CC Jalle-Eau-Bourde;CC;3
243301173;CC du Vallon de l'Artolie;CC;9
243301181;CC du Canton de Saint Savin;CC;16
243301215;CC du Créonnais;CC;13
243301223;CC du Cubzaguais;CC;10
243301249;CC du Secteur de Saint Loubes;CC;6
243301264;CC de Montesquieu;CC;13
243301298;CC du Canton de Targon;CC;19
243301322;CC du Sud-Libournais;CC;5
243301355;CC des Coteaux Bordelais;CC;8
243301371;CC du Pays Foyen;CC;20
243301389;CC Médullienne;CC;10
243301397;CC du Canton de Fronsac;CC;18
243301405;CC du Val de l'Eyre;CC;5
243301413;CC des Lacs Médocains;CC;3
243301421;CC Coeur du Médoc;CC;11
243301439;CC des Portes de l'Entre Deux Mers;CC;7
243301447;CC Médoc Estuaire;CC;11
243301454;CC Castillon/Pujols;CC;23
243301462;CC des Coteaux Macariens;CC;14
243301470;CC des Coteaux de Garonne;CC;9
243301504;CC du Bassin d'Arcachon Nord Atlantique (Coban Atlantique);CC;8
243301538;CC de Podensac;CC;13
243400017;Montpellier Méditerranée Métropole;ME;31
243400355;CC du Clermontais;CC;21
243400389;CC de la Montagne du Haut Languedoc;CC;8
243400470;CA du Pays de l'Or;CA;8
243400488;CC la Domitienne;CC;8
243400520;CC du Pays de Lunel;CC;15
243400553;CC du Pays Saint-Ponais;CC;9
243400629;CC Orb et Jaur;CC;12
243400694;CC Vallée de l'hérault;CC;28
243400710;CC Orb et Taurou;CC;5
243400728;CC du Pays de Thongue;CC;7
243400736;CC des Cévennes Gangeoises et Suménoises;CC;13
243400751;CC du Nord du Bassin de Thau;CC;6
243400769;CA de Béziers-Méditerranée;CA;13
243400819;CA Hérault-Méditerranée;CA;19
243400827;CA du Bassin de Thau;CA;8
243500139;Rennes Métropole;ME;43
243500147;CC Fougères Communauté;CC;18
243500501;CC Coglais Communauté Marches de Bretagne;CC;11
243500535;CC Louvigné Communauté;CC;8
243500543;CC Antrain Communauté;CC;10
243500550;CC Montfort Communauté;CC;8
243500576;CC Baie du Mont Saint Michel - Porte de la Bretagne - Canton de Pleine Fougères;CC;11
243500592;CC du Pays de Saint Aubin du Cormier;CC;11
243500618;CC de Brocéliande;CC;8
243500634;CC Au Pays de la Roche Aux Fées;CC;16
243500642;CC de Moyenne Vilaine et Semnon;CC;16
243500659;CC du Pays de Châteaugiron;CC;8
243500667;CC du Val d'Ille;CC;10
243500675;CC du Pays d'Aubigné;CC;10
243500691;CC du Pays de Dol de Bretagne et de la Baie du Mont Saint Michel;CC;8
243500709;CC du Pays du Grand Fougeray;CC;4
243500725;CC Côte d'Emeraude;CC;10
243500733;CC Bretagne Romantique;CC;27
243500741;CC du Pays de Redon;CC;30
243500774;CC du Pays de Liffré;CC;5
243500782;CA du Pays de Saint Malo - Saint Malo Agglomération;CA;18
243600202;CC Chabris - Pays de Bazelle;CC;12
243600210;CC du Canton de Vatan;CC;14
243600228;CC du Pays d'Argenton Sur Creuse;CC;13
243600236;CC du Pays d'Issoudun;CC;12
243600293;CC de la Région de Levroux;CC;12
243600301;CC Val de l'Indre - Brenne;CC;12
243600319;CC Brenne - Val de Creuse;CC;28
243600327;CA Castelroussine;CA;15
243600343;CC Coeur de Brenne;CC;11
243600350;CC de la Châtre et Sainte Sévère;CC;30
243600368;CC de Champagne Berrichonne;CC;16
243700432;CC de Gatine et Choisilles;CC;10
243700465;CC Loches Développement;CC;20
243700499;CC du Castelrenaudais;CC;16
243700663;CC Touraine Nord Ouest;CC;23
243700697;CC du Pays de Richelieu;CC;16
243700747;CC de l'Est Tourangeau;CC;5
243700754;CA Tours (Plus);CA;22
243700770;CC de Montrésor;CC;10
243700788;CC du Vouvrillon;CC;5
243700796;CC du Pays d'Azay-Le-Rideau;CC;12
243700804;CC du Val de l'Indre;CC;8
243700812;CC de la Touraine du Sud;CC;21
243700820;CC de Bléré Val de Cher;CC;15
243700861;CC du Pays de Bourgueil;CC;9
243700887;CC de Racan;CC;10
243700895;CC du Grand Ligueillois;CC;17
243700911;CC du Bouchardais;CC;15
243700929;CC de Sainte Maure de Touraine;CC;13
243800091;CC de la Vallée de l'hien;CC;8
243800372;CC les Vallons de la Tour;CC;10
243800455;CA Viennagglo;CA;18
243800604;CA Porte de l'Isère (C.A.P.I);CA;22
243800612;CC du Pays des Couleurs;CC;20
243800745;CC de l'Oisans;CC;20
243800778;CC du Pays Roussillonnais;CC;22
243800844;CC du Territoire de Beaurepaire;CC;15
243800927;CC de la Région St Jeannaise;CC;14
243800935;CC Porte Dauphinoise de Lyon Saint-Exupéry;CC;6
243800984;CA du Pays Voironnais;CA;34
243801024;CC du Massif du Vercors;CC;7
243801073;CC de Bièvre Est;CC;14
243801099;CC les Balmes Dauphinoises;CC;8
243801149;CC les Vallons du Guiers;CC;9
243801198;CC du Pays de Saint Marcellin;CC;16
243801214;CC de la Bourne À l'Isère;CC;12
243801255;CC des Collines du Nord Dauphiné;CC;10
243900305;CC du Pays de Saint-Amour;CC;14
243900339;CA Espace Communautaire Lons Agglomération (Ecla);CA;25
243900354;CC de la Station des Rousses-Haut Jura;CC;4
243900412;CC Jura Sud;CC;17
243900420;CC du Val d'Amour;CC;24
243900479;CC du Haut-Jura (Arcade);CC;6
243900560;CC Jura Nord;CC;26
243900610;CC la Grandvallière;CC;11
243900719;CC du Pays des Lacs;CC;30
243900768;CC du Val de Sorne;CC;9
243900917;CC des Coteaux de la Haute Seille;CC;22
243900974;CC Nord Ouest Jura;CC;12
243901014;CC Comté de Grimont Poligny;CC;30
243901048;CC du Pays de Salins-Les-Bains;CC;22
243901055;CC Arbois, Vignes et Villages - Pays de Louis Pasteur;CC;14
243901071;CC de la Région d'Orgelet;CC;25
243901089;CC de la Plaine Jurassienne;CC;21
243901105;CC du Sud Revermont;CC;19
243901113;CC du Plateau de Nozeroy;CC;28
244000543;CC de Mimizan;CC;6
244000592;CC du Tursan;CC;17
244000642;CC du Canton de Pissos;CC;6
244000659;CC du Seignanx;CC;8
244000667;CC du Pays d'Orthe;CC;15
244000675;CA du Grand Dax;CA;20
244000691;CC du Pays Morcenais;CC;9
244000709;CC Hagetmau Communes Unies;CC;18
244000717;CC du Canton de Mugron;CC;13
244000741;CC du Canton de Montfort en Chalosse;CC;21
244000758;CC du Pays d'Albret;CC;13
244000766;CC du Pays Tarusate;CC;18
244000774;CC du Pays de Villeneuve en Armagnac Landais;CC;12
244000782;CC de la Haute Lande;CC;7
244000808;CA le Marsan Agglomération;CA;18
244000816;CC de Pouillon;CC;9
244000824;CC du Pays Grenadois;CC;11
244000832;CC du Cap de Gascogne;CC;15
244000857;CC Côte Landes Nature;CC;10
244000865;CC Maremne Adour Côte Sud;CC;23
244000873;CC des Grands Lacs;CC;7
244000881;CC Coteaux et Vallées des Luys;CC;16
244100251;CC du Pays de Vendôme;CC;12
244100269;CC du Vendômois Rural;CC;10
244100293;CC des Collines du Perche;CC;16
244100681;CC de la Beauce Ligérienne;CC;12
244100699;CC Beauce et Forêt;CC;21
244100707;CC de la Beauce Oratorienne;CC;12
244100764;CC du Cher À la Loire;CC;9
244100772;CC Beauce et Gâtine;CC;18
244100780;CC de la Sologne des Etangs;CC;11
244100798;CC du Grand Chambord;CC;17
244100806;CC de la Sologne des Rivières;CC;8
244200598;CC des Collines du Matin;CC;8
244200606;CC de Feurs en Forez;CC;12
244200614;CC des Vals d'Aix et Isable;CC;14
244200622;CC des Monts du Pilat;CC;16
244200630;CC du Pays Entre Loire et Rhône;CC;16
244200671;CC de Balbigny;CC;13
244200721;CC de Forez en Lyonnais;CC;10
244200762;CC du Pays d'Astrée;CC;18
244200770;CA Saint Etienne Métropole;CA;45
244200796;CA Loire Forez;CA;45
244200812;CC du Pays de St Galmier;CC;10
244200820;CC du Pays d'Urfé;CC;11
244200838;CC des Montagnes du Haut Forez;CC;12
244200846;CC du Pays de St Bonnet le Château;CC;18
244200895;CC du Pilat Rhodanien;CC;14
244300018;CA du Puy en Velay;CA;28
244300208;CC du Pays de Craponne;CC;8
244300216;CC de la Ribeyre, Chaliergue et Margeride;CC;16
244300224;CC du Pays de Paulhaguet;CC;19
244300232;CC du Mézenc et de la Loire Sauvage;CC;17
244300240;CC des Portes d'Auvergne;CC;13
244300265;CC de l'Emblavez;CC;11
244300299;CC Plateau de la Chaise Dieu;CC;11
244300307;CC du Pays de Montfaucon;CC;8
244300315;CC du Pays de Blesle;CC;9
244301016;CC des Sucs;CC;9
244301032;CC du Brivadois;CC;16
244301057;CC du Langeadois;CC;14
244301065;CC de Rochebaron À Chalençon;CC;8
244301073;CC du Meygal;CC;7
244301099;CC Auzon Communauté;CC;12
244301107;CC du Haut Lignon;CC;6
244301115;CC les Marches du Velay;CC;6
244301123;CC des Pays de Cayres et de Pradelles;CC;19
244301131;CC Loire et Semène;CC;7
244301149;CC du Pays de Saugues;CC;16
244400404;Nantes Métropole;ME;24
244400420;CC de la Région de Machecoul;CC;8
244400438;CC de Grand Lieu;CC;9
244400446;CC de la Vallée de Clisson;CC;12
244400453;CC de la Région de Blain;CC;4
244400487;CC du Castelbriantais;CC;19
244400495;CC du Secteur de Derval;CC;7
244400503;CC d'Erdre et Gesvres;CC;12
244400511;CC Loire Divatte;CC;6
244400529;CC de la Loire Atlantique Méridionale;CC;3
244400537;CC de la Région de Nozay;CC;7
244400545;CC Coeur Pays de Retz;CC;7
244400552;CC du Pays d'Ancenis;CC;29
244400578;CC de Vallet;CC;6
244400586;CC du Sud Estuaire;CC;6
244400610;CA de la Presqu'île de Guérande Atlantique (Cap Atlantique);CA;15
244400644;CA de la Région Nazairienne et de l'Estuaire (Carene);CA;10
244400651;CC Sèvre Maine et Goulaine;CC;4
244400677;CC de Pornic;CC;8
244400693;CC Loire et Sillon;CC;8
244400701;CC Coeur d'Estuaire;CC;3
244500195;CC de Châtillon-Coligny;CC;12
244500203;CA Montargoise et Rives du Loing (A.M.E.);CA;15
244500211;CC Giennoises;CC;11
244500278;CC du Canton de Lorris;CC;14
244500393;CC de Beauce et du Gâtinais;CC;18
244500401;CC du Beaunois;CC;18
244500419;CC des Quatre Vallées;CC;19
244500427;CC des Loges;CC;14
244500443;CC du Canton de Briare;CC;14
244500450;CC du Val d'Ardoux;CC;5
244500468;CA Orléans Val de Loire (Agglo);CA;22
244500476;CC du Canton de Châtillon Sur Loire;CC;6
244500484;CC de la Forêt;CC;10
244500518;CC Val D'Or et Forêt;CC;8
244500526;CC du Malesherbois;CC;7
244500534;CC des Terres Puiseautines;CC;13
244500542;CC de la Plaine du Nord Loiret;CC;15
244500559;CC du Plateau Beauceron;CC;10
244500567;CC du Bellegardois;CC;12
244500583;CC Val Sol;CC;7
244600359;CC Cère et Dordogne;CC;16
244600433;CC de la Vallée du Lot et du Vignoble;CC;27
244600482;CC Quercy - Bouriane;CC;20
244600516;CC du Haut Ségala;CC;11
244600532;CC du Pays de Lalbenque;CC;23
244600557;CC du Pays de Sousceyrac;CC;5
244600573;CC du Causse de Labastide Murat;CC;22
244700449;CC du Pays de Duras;CC;17
244700464;CC du Pays de Lauzun;CC;20
244700498;CC des Coteaux de l'Albret;CC;13
244700506;CC du Val d'Albret;CC;14
244701355;CC des Coteaux et Landes de Gascogne;CC;27
244701389;CC de Penne d'Agenais;CC;8
244701405;CC Lot et Tolzac;CC;15
244701439;CC du Canton de Prayssas;CC;10
244701462;CC du Confluent;CC;18
244701496;CC du Mézinais;CC;7
244800066;CC de la Vallée de la Jonte;CC;6
244800322;CC de la Terre de Peyre;CC;6
244800330;CC du Canton de Châteauneuf de Randon;CC;8
244800348;CC du Causse du Massegros;CC;5
244800355;CC de la Terre de Randon;CC;11
244800363;CC des Hautes Terres;CC;10
244800389;CC du Valdonnez;CC;5
244800397;CC du Goulet - Mont Lozère;CC;12
244800405;CC Coeur de Lozère;CC;4
244800413;CC de Villefort;CC;7
244800421;CC de la Cévenne des Hauts-Gardons;CC;8
244800439;CC des Gorges du Tarn et des Grands Causses;CC;5
244800447;CC Margeride-Est;CC;7
244800454;CC de la Vallée Longue et du Calbertois en Cévennes;CC;8
244800470;CC du Gévaudan;CC;13
244800496;CC des Cévennes Au Mont-Lozère;CC;5
244800504;CC du Pays de Chanac;CC;5
244900015;CA Angers Loire Métropole;CA;33
244900361;CA Saumur Loire Développement;CA;32
244900577;CC de la Région de Chemillé;CC;12
244900585;CC de la Région du Lion-d'angers;CC;14
244900593;CC du Canton de Segré;CC;15
244900643;CC Montrevault Communauté;CC;11
244900668;CC du Bocage;CC;6
244900692;CC du Centre Mauges;CC;11
244900700;CA du Choletais;CA;13
244900726;CC du Canton de Saint-Florent-Le-Vieil;CC;11
244900734;CC des Coteaux du Layon;CC;12
244900742;CC du Canton de Baugé;CC;10
244900759;CC de Loir et Sarthe;CC;4
244900767;CC du Gennois;CC;10
244900775;CC de la Région de Pouancé-Combrée;CC;14
244900783;CC du Canton de Champtoceaux;CC;9
244900791;CC Loire-Longué;CC;11
244900809;CC du Canton de Candé;CC;6
244900833;CC Loire Layon;CC;10
244900841;CC du Haut Anjou;CC;11
244900858;CC Ouest Anjou;CC;7
244900866;CC de la Vallée Loire-Authion;CC;8
244900882;CC de Beaufort-En-Anjou;CC;7
244900924;CC du Loir;CC;13
244900940;CC de la Région de Noyant;CC;15
244900973;CC de la Région de Doué-La-Fontaine;CC;11
244900981;CC du Vihiersois Haut-Layon;CC;12
244900999;CC les Portes de l'Anjou;CC;5
244901013;CC Loire Aubance;CC;14
245000237;CU de Cherbourg;CU;5
245000260;CC de la Hague;CC;19
245000278;CC des Pieux;CC;15
245000302;CC du Canton de la Haye du Puits;CC;18
245000344;CC de Douve et Divette;CC;9
245000377;CC de la Saire;CC;3
245000427;CC du Canton de Lessay;CC;13
245000443;CC du Canton de Montmartin Sur Mer;CC;12
245000450;CC de Saint Hilaire du Harcouët;CC;15
245000468;CC du Canton de Saint James;CC;12
245000476;CC du Canton de Saint Malo de la Lande;CC;13
245000542;CC du Canton de Saint Pierre Eglise;CC;18
245000575;CC du Val de Saire;CC;16
245000617;CC de Canisy;CC;12
245000682;CC de Seves et Taute;CC;12
245000690;CC de la Région de Montebourg;CC;22
245000716;CC de la Vallée de l'Ouve;CC;16
245000807;CC de la Côte des Isles;CC;16
245100037;CC Epernay Pays de Champagne;CC;21
245100052;CC Champagne Vesle;CC;33
245100508;CC de la Brie des Etangs;CC;21
245100516;CC du Pays d'Anglure;CC;20
245100565;CC des Coteaux Sézannais;CC;23
245100581;CC Saulx et Bruxenelle;CC;7
245100615;CC de la Grande Vallée de la Marne;CC;17
245100631;CC de la Région de Mourmelon;CC;8
245100797;CC des Portes de Champagne;CC;19
245100813;CC de la Région de Vertus;CC;29
245100854;CC des Deux Vallées;CC;11
245100870;CC des Coteaux de la Marne;CC;14
245100888;CC de la Brie Champenoise;CC;19
245100979;CC du Sud Marnais;CC;14
245101035;CC de la Vallée de la Suippe;CC;7
245101043;CC Beine-Bourgogne;CC;9
245101050;CC des Rives de la Suippe;CC;12
245200373;CC de la Vallée de la Marne;CC;11
245200381;CC du Pays de Chalindrey;CC;13
245200415;CC du Pays du Der;CC;12
245200456;CA Agglomération de Chaumont;CA;25
245200480;CC de la Vallée du Rognon;CC;16
245200514;CC du Bassigny;CC;20
245200548;CC de la Région de Bourbonne les Bains;CC;16
245200555;CC du Bassin de Bologne Vignory et Froncles;CC;22
245200563;CC du Bassin Nogentais;CC;17
245200597;CC des Trois Forêts;CC;29
245300223;CC du Pays de Meslay-Grez;CC;23
245300306;CC du Pays de Loiron;CC;15
245300330;CA de Laval;CA;20
245300348;CC de le Horps;CC;13
245300355;CC de l'Ernée;CC;15
245300371;CC du Pays de Mayenne;CC;20
245300389;CC du Bocage Mayennais;CC;27
245300447;CC du Pays de Château-Gontier;CC;24
245400171;CC Moselle et Madon;CC;19
245400189;CC des Pays du Sel et du Vermois;CC;13
245400262;CC de l'Agglomération de Longwy;CC;21
245400379;CC du Bassin de Landres;CC;11
245400437;CC du Pays de Briey;CC;9
245400510;CC du Pays de Colombey et du Sud Toulois;CC;39
245400601;CC du Bassin de Pompey;CC;13
245400676;CU du Grand Nancy;CU;20
245400700;CC du Lunévillois;CC;15
245400718;CC de la Vezouze;CC;34
245400759;CC du Pays du Sanon;CC;29
245400775;CC de Seille et Mauchère;CC;20
245400791;CC du Pays de l'Orne;CC;9
245400817;CC du Jarnisy;CC;24
245400825;CC du Pays Audunois;CC;14
245400866;CC du Grand Couronné;CC;19
245400916;CC de la Mortagne;CC;17
245400924;CC du Val de Meurthe;CC;7
245400932;CC du Bayonnais;CC;25
245500327;CC du Sammiellois;CC;19
245500459;CC du Centre Argonne;CC;15
245500806;CC Meuse-Voie Sacrée;CC;18
245501101;CC du Pays de Spincourt;CC;21
245501168;CC de la Région de Damvillers;CC;20
245501176;CC du Canton de Fresnes en Woëvre;CC;32
245501184;CC de Revigny Sur Ornain;CC;16
245501192;CC du Pays de Commercy;CC;10
245501226;CC de la Saulx et du Perthois;CC;19
245501234;CC de la Haute Saulx;CC;14
245501242;CC du Pays d'Etain;CC;26
245501259;CC du Pays de Montmédy;CC;25
245501267;CC du Pays de Stenay;CC;19
245501309;CC Entre Aire et Meuse;CC;23
245501317;CC de Triaucourt - Vaubécourt;CC;24
245501341;CC du Val des Couleurs;CC;20
245501366;CC du Val Dunois;CC;22
245501374;CC de Montfaucon - Varennes en Argonne;CC;23
245501457;CC du Val d'Ornois;CC;19
245501465;CC de Void;CC;24
245501481;CC du Val de Meuse et de la Vallée de la Dieue;CC;7
245600143;CC Saint Jean Communauté;CC;8
245600150;CC du Pays de la Gacilly;CC;9
245600366;CA Vannes Agglo;CA;24
245600416;CC du Val d'Oust et de Lanvaux;CC;16
245600424;CC de Mauron en Brocéliande;CC;7
245600432;CC Guer Communauté;CC;7
245600440;CC de Blavet Bellevue Océan;CC;5
245600465;CC de Belle Ile en Mer;CC;4
245600515;CC Baud Communauté;CC;6
245614292;CC Locminé Communauté;CC;7
245614342;CC Ploërmel Communauté;CC;7
245614367;CC Josselin Communauté;CC;12
245614383;CC du Pays de Questembert;CC;13
245614391;CC du Loch;CC;6
245614417;CC Roi Morvan Communauté;CC;21
245614425;CC du Porhoët;CC;6
245614433;CC Pontivy Communauté;CC;26
245700133;CC du District Urbain de Faulquemont (Duf);CC;33
245700216;CA Sarreguemines Confluences;CA;26
245700372;CA de Forbach Porte de France;CA;21
245700398;CC de Freyming-Merlebach;CC;11
245700695;CC de Cattenom et Environs;CC;20
245700919;CC de Rohrbach Lès Bitche;CC;9
245700950;CC du Pays de Phalsbourg;CC;26
245701164;CC du Warndt;CC;5
245701172;CC du Centre Mosellan;CC;31
245701198;CC de la Vallée de la Bièvre;CC;11
245701206;CC du Saulnois;CC;128
245701222;CA du Val de Fensch;CA;10
245701230;CC des Deux Sarres;CC;19
245701248;CC de l'Etang du Stock;CC;4
245701271;CC du Pays Orne Moselle;CC;13
245701289;CC du Haut Chemin;CC;12
245701297;CC de l'Albe et des Lacs;CC;12
245701305;CC du Pays des Etangs;CC;14
245701347;CC des Trois Frontières;CC;22
245701354;CC de l'Arc Mosellan;CC;26
245701362;CA Portes de France-Thionville;CA;13
245701370;CC du Val de Moselle;CC;10
245701388;CC du Pays Naborien;CC;10
245701404;CC du Pays Haut Val d'Alzette;CC;8
245701412;CC du Bouzonvillois;CC;21
245701420;CC de la Houve;CC;11
245801014;CC des Vaux d'Yonne;CC;13
245801063;CC Loire et Allier;CC;6
245801113;CC du Haut Morvan;CC;17
245804372;CC la Fleur du Nivernais;CC;20
245804380;CC les Portes du Morvan;CC;10
245804406;CA de Nevers;CA;12
245804414;CC du Bazois;CC;15
245804422;CC Fil de Loire;CC;4
245804430;CC des Amognes;CC;16
245804448;CC du Val du Sauzay;CC;12
245804463;CC Loire et Nohain;CC;9
245804471;CC en Donziais;CC;10
245804489;CC Entre Loire et Morvan;CC;11
245804497;CC du Nivernais Bourbonnais;CC;8
245804505;CC Entre Nièvres et Forêts;CC;13
245804513;CC Coeur du Nivernais;CC;11
245804521;CC Loire et Vignoble;CC;11
245804539;CC du Val du Beuvron;CC;21
245804547;CC le Bon Pays;CC;4
245804554;CC des Portes Sud du Morvan;CC;13
245804562;CC du Pays Charitois;CC;14
245804570;CC du Pays Corbigeois;CC;17
245804588;CC des Bertranges À la Nièvre;CC;5
245804596;CC du Sud Nivernais;CC;8
245804612;CC des Grands Lacs du Morvan;CC;9
245804620;CC Entre Loire et Forêt;CC;6
245900410;Métropole Européenne de Lille;ME;85
245900428;CU de Dunkerque;CU;18
245900741;CC de la Vacquerie;CC;6
245900758;CC Flandre Lys;CC;8
245900816;CC des Weppes;CC;5
245901038;CC du Pays Solesmois;CC;15
245901061;CC de la Haute Deûle;CC;5
245901152;CC Coeur d'Ostrevent [c.C.C.O.];CC;21
245901160;CA Valenciennes Métropole;CA;35
246000111;CA Creilloise;CA;4
246000129;CC du Liancourtois;CC;10
246000376;CC du Clermontois;CC;19
246000566;CC du Plateau Picard;CC;52
246000582;CC des Sablons;CC;24
246000608;CC des Vallées de la Brèche et de la Noye;CC;41
246000699;CC de Crèvecoeur le Grand Pays Picard A16 Haute Vallée de la Celle;CC;20
246000707;CC du Vexin-Thelle;CC;42
246000749;CC du Canton d'Attichy;CC;20
246000756;CC du Pays Noyonnais;CC;42
246000764;CC de l'Aire Cantilienne;CC;11
246000772;CC des Deux Vallées;CC;16
246000830;CA du Beauvaisis;CA;31
246000848;CC de la Picardie Verte;CC;89
246000855;CC du Pays des Sources;CC;48
246000863;CC du Pays de Thelle;CC;36
246000871;CC du Pays de Valois;CC;62
246000897;CC de la Plaine d'Estrées;CC;19
246000913;CC du Pays de Bray;CC;23
246000921;CC des Pays d'Oise et d'halatte;CC;17
246000939;CC Rurales du Beauvaisis;CC;13
246000947;CC de la Basse Automne;CC;6
246001010;CA de la Région de Compiègne;CA;16
246001143;CC Pierre-Sud-Oise;CC;7
246001150;CC la Ruraloise;CC;6
246100317;CC du Perche Sud;CC;12
246100333;CC du Domfrontais;CC;9
246100341;CC du Bocage de Passais la Conception;CC;9
246100390;CC du Val d'Orne;CC;18
246100408;CC du Bocage d'Athis de l'Orne;CC;16
246100440;CC du Pays de Longny Au Perche;CC;13
246100465;CC du Pays Fertois;CC;12
246100499;CC du Val d'huisne;CC;10
246100572;CC de la Région de Gacé;CC;14
246100580;CC du Haut Perche;CC;15
246100598;CC du Canton de la Ferté Fresnel;CC;14
246100630;CC du Pays d'Andaine;CC;14
246100648;CC du Perche Rémalardais;CC;12
246100655;CC du Bocage Carrougien;CC;11
246100663;CU d'Alençon;CU;36
246100671;CC du Pays du Haras du Pin;CC;16
246100739;CC du Pays de Briouze;CC;12
246100770;CC du Pays Bellêmois;CC;16
246100788;CC du Pays de Camembert;CC;19
246200018;CC du Pays d'Aire;CC;5
246200117;CC Opale Sud;CC;10
246200299;CA d'hénin-Carvin;CA;14
246200364;CA de Lens - Liévin;CA;36
246200380;CC de la Terre des Deux Caps;CC;21
246200406;CC du Montreuillois;CC;21
246200455;CA de Saint Omer;CA;25
246200729;CA du Boulonnais;CA;22
246200802;CC Artois Lys;CC;21
246200844;CC de la Région d'Audruicq;CC;15
246200851;CC du Canton de Fauquembergues;CC;18
246200869;CC du Pernois;CC;18
246200877;CC de la Morinie;CC;9
246200919;CC du Canton de Fruges;CC;25
246200976;CC du Sud Ouest du Calaisis;CC;9
246200984;CC des Trois Pays;CC;23
246200992;CC du Canton d'hucqueliers et Environs;CC;24
246201016;CC du Pays de Lumbres;CC;36
246201057;CC de l'Atrébatie;CC;27
246201065;CC de la Région de Frévent;CC;12
246201073;CC de l'Auxilois;CC;16
246201115;CC Mer et Terres d'Opale;CC;15
246201149;CA du Calaisis;CA;5
246201156;CC Artois Flandres;CC;14
246300651;CC du Pays d'Arlanc;CC;9
246300669;CC de la Montagne Thiernoise;CC;9
246300677;CC Sancy Artense Communauté;CC;13
246300685;CC du Pays de Menat;CC;12
246300693;CC Limagne d'Ennezat;CC;14
246300701;CA Clermont Communauté;CA;21
246300735;CC du Pays de Cunlhat;CC;7
246300776;CC des Puys et Couzes;CC;16
246300784;CC des Coteaux de l'Allier;CC;6
246300800;CC des Côtes de Combrailles;CC;12
246300818;CC du Pays d'Olliergues;CC;6
246300834;CC Manzat Communauté;CC;9
246300842;CC Couze Val d'Allier;CC;7
246300883;CC du Lembron Val d'Allier;CC;17
246300909;CC de Rochefort-Montagne;CC;14
246300917;CC Coeur de Combrailles;CC;10
246300925;CC de Haute Combraille;CC;17
246300933;CC Gergovie Val d'Allier Communauté;CC;11
246300941;CC de Livradois Porte d'Auvergne;CC;4
246300958;CC de Pionsat;CC;10
246300966;CC du Massif du Sancy;CC;16
246300974;CC du Haut Livradois;CC;15
246300982;CC des Cheires;CC;11
246300990;CC Ardes Communauté;CC;15
246301006;CC de Nord Limagne;CC;12
246301014;CC du Pays de Courpière;CC;10
246301022;CC de la Vallée de l'Ance;CC;10
246301030;CC Limagne - Bords d'Allier;CC;5
246301048;CC du Pays de Sauxillanges;CC;17
246301055;CC Riom Communauté;CC;11
246301063;CC Thiers Communauté;CC;4
246301071;CC de Sioulet Chavanon;CC;12
246301097;CC Entre Dore et Allier;CC;14
246301105;CC du Pays d'Ambert;CC;7
246301113;CC de Mur Ès Allier;CC;5
246301121;CC des Coteaux de Randan;CC;8
246301139;CC du Bassin Minier Montagne;CC;10
246301154;CC Allier Comté Communauté;CC;7
246301162;CC Volvic Sources et Volcans;CC;7
246301170;CC Issoire Communauté;CC;5
246400014;CC du Canton de Garlin;CC;19
246400030;CA Agglomération Côte Basque Adour;CA;5
246400337;CC de la Vallée d'Ossau;CC;18
246401459;CC de la Vallée de Barétous;CC;6
246401517;CC du Pays de Morlaàs;CC;28
246401525;CC Gave et Coteaux;CC;7
246401533;CC du Josbaig;CC;6
246401541;CC de Bidache;CC;7
246401574;CC du Canton d'Arzacq;CC;23
246401590;CC du Canton de Navarrenx;CC;19
246401616;CC d'Amikuze;CC;27
246401624;CC de la Vallée d'Aspe;CC;13
246401632;CC du Canton de Lembeye en Vic-Bilh;CC;31
246401657;CC du Pays d'hasparren (Hazparneko Lurraldea);CC;11
246401665;CC de Salies-De-Béarn;CC;11
246401699;CC de Sauveterre-De-Béarn;CC;23
246401715;CC du Miey de Béarn;CC;14
246401723;CA Pau-Pyrénées;CA;14
246401756;CC Pays de Nay;CC;26
246401764;CC de Soule-Xiberoa;CC;36
246401798;CC Ousse-Gabas;CC;15
246401814;CC du Piémont Oloronais;CC;24
246401822;CC de Garazi-Baigorri;CC;30
246401855;CC Nive-Adour;CC;6
246401863;CC d'Iholdi-Ostibarre;CC;13
246500052;CC de la Vallée du Louron;CC;15
246500201;CC du Val d'Azun;CC;8
246500359;CC de Batsurguère;CC;5
246500375;CC Vic-Montaner;CC;29
246500482;CC de la Haute-Bigorre;CC;24
246500490;CC du Canton d'Ossun;CC;17
246500508;CC Neste Baronnies;CC;15
246500565;CA du Grand Tarbes;CA;15
246500573;CC des Véziaux d'Aure;CC;9
246500599;CC Adour-Rustan-Arros;CC;24
246500631;CC de la Vallée d'Argelès-Gazost;CC;16
246500656;CC de la Vallée de Saint-Savin;CC;7
246500714;CC Gavarnie-Gèdre;CC;2
246500789;CC d'Aure;CC;10
246500805;CC de la Haute Vallée d'Aure;CC;11
246500821;CC du Magnoac;CC;28
246500839;CC Gespe-Adour-Alaric;CC;9
246600282;CC Sud-Roussillon;CC;6
246600373;CC du Vallespir;CC;10
246600399;CC Pyrénées Cerdagne;CC;19
246600407;CC Salanque Méditerranée;CC;4
246600415;CC Roussillon-Conflent;CC;16
246600423;CC Agly Fenouillèdes;CC;22
246600449;CC des Aspres;CC;19
246600464;CC Capcir Haut Conflent;CC;19
246600548;CC du Haut Vallespir;CC;14
246700306;CC de la Vallée de la Bruche;CC;26
246700488;EuroMétropole de Strasbourg;ME;28
246700694;CC des Coteaux de la Mossig;CC;14
246700702;CC du Pays de Hanau;CC;19
246700736;CC du Val de Moder;CC;8
246700744;CC du Canton de Rosheim;CC;9
246700777;CC du Canton de Villé;CC;18
246700793;CC du Pays de la Petite Pierre;CC;19
246700843;CC de la Basse-Zorn;CC;7
246700892;CC de Benfeld et Environs;CC;11
246700926;CC du Pays de Wissembourg;CC;12
246700942;CC de l'Alsace Bossue;CC;32
246700959;CC du Pays de la Zorn;CC;26
246700967;CC de Sélestat;CC;12
246700983;CC du Pays d'Erstein;CC;10
246701031;CC de la Région de Brumath;CC;10
246701064;CC de la Région de Molsheim-Mutzig;CC;18
246701072;CC de la Région de Saverne;CC;28
246701080;CC du Pays de Sainte-Odile;CC;6
246701098;CC du Pays de Niederbronn-Les-Bains;CC;13
246701114;CC du Pays de Sarre Union;CC;13
246701189;CC de Bischwiller et Environs;CC;6
246701197;CC les Châteaux;CC;5
246701239;CC du Rhin;CC;7
246800015;CC Essor du Rhin;CC;7
246800098;CC du Pays de Brisach;CC;22
246800189;CC du Secteur d'Illfurth;CC;10
246800197;CC d'Altkirch;CC;6
246800205;CC de la Vallée de Saint-Amarin;CC;15
246800247;CC des Trois Frontières;CC;10
246800361;CC de la Vallée de Hundsbach;CC;13
246800395;CC du Val d'Argent;CC;4
246800411;CC de la Largue;CC;12
246800437;CC Ill et Gersbach;CC;11
246800445;CC du Centre du Haut-Rhin;CC;9
246800460;CC la Porte d'Alsace Cc de la Région de Dannemarie;CC;33
246800494;CC du Pays de Rouffach, Vignobles et Châteaux;CC;11
246800551;CC de la Vallée de Kaysersberg;CC;10
246800569;CC de la Région de Guebwiller;CC;19
246800577;CC du Pays de Ribeauvillé;CC;16
246800585;CC de la Vallée de Munster;CC;16
246800593;CC du Pays du Ried Brun;CC;8
246800643;CC du Jura Alsacien (Ccja);CC;27
246800650;CC de la Porte du Sundgau;CC;13
246800676;CC de la Vallée de la Doller et du Soultzbach;CC;17
246800684;CC du Pays de Sierentz;CC;17
246800700;CC Porte de France-Rhin Sud;CC;6
246800726;CA de Colmar;CA;14
246900575;CC de l'Est Lyonnais (Ccel);CC;8
246900625;CC du Pays de l'Arbresle (Ccpa);CC;17
246900633;CC de la Région de Condrieu;CC;11
246900682;CC du Haut Beaujolais;CC;12
246900690;CC Chamousset en Lyonnais;CC;14
246900724;CC des Vallons du Lyonnais (Ccvl);CC;8
246900740;CC du Pays Mornantais (Copamo);CC;16
246900757;CC de la Vallée du Garon (Ccvg);CC;5
246900765;CC du Pays de l'Ozon;CC;7
246900773;CC des Hauts du Lyonnais (Cchl);CC;10
247000011;CA de Vesoul;CA;20
247000367;CC des Combes;CC;27
247000623;CC des Quatre Rivières;CC;42
247000664;CC du Pays de Lure;CC;24
247000698;CC des Monts de Gy;CC;27
247000706;CC du Pays Riolais;CC;33
247000714;CC du Pays de Villersexel;CC;34
247000722;CC du Pays d'héricourt;CC;20
247000755;CC du Pays de Luxeuil;CC;13
247000813;CC du Val de Pesmes;CC;18
247000821;CC Rahin et Cherimont;CC;10
247000839;CC des Mille Etangs;CC;16
247000854;CC de la Haute Vallée de l'Ognon;CC;13
247100290;CU le Creusot Montceau-Lès-Mines;CU;27
247100480;CC Cuiseaux Intercom;CC;9
247100498;CC du Canton de Chauffailles;CC;11
247100506;CC de Matour et Sa Région;CC;11
247100589;CA Chalon - Val de Bourgogne;CA;38
247100605;CC Mâconnais - Val de Saône;CC;12
247100639;CC du Canton de Marcigny;CC;12
247100647;CC du Canton de Pierre de Bresse;CC;16
247100746;CC du Maconnais-Beaujolais;CC;13
247100860;CC du Mâconnais Charolais;CC;7
247103765;CC Entre Saône et Grosne;CC;17
247103864;CC du Canton de Semur en Brionnais;CC;14
247103922;CC de Paray le Monial;CC;10
247103948;CC du Pays Clayettois;CC;18
247103989;CC de Beuvray - Val d'Arroux;CC;8
247104052;CC du Pays de Gueugnon;CC;13
247104078;CC de Digoin Val de Loire;CC;8
247104094;CC Sud Côte Chalonnaise;CC;30
247104136;CC du Tournugeois;CC;12
247104169;CC des Portes de la Bresse;CC;7
247104193;CA du Mâconnais-Val de Saône;CA;26
247200090;CC de Sablé-Sur-Sarthe;CC;17
247200132;CU le Mans Métropole;CU;14
247200157;CC de Lucé;CC;8
247200348;CC du Pays Fléchois;CC;13
247200397;CC du Bassin Ludois;CC;8
247200405;CC des Portes du Maine;CC;10
247200413;CC du Pays des Brières et du Gesnois;CC;15
247200421;CC du Sud Est du Pays Manceau;CC;5
247200447;CC Orée de Bercé - Belinois;CC;8
247200462;CC du Pays de Sillé;CC;10
247200470;CC du Canton de Pontvallain;CC;9
247200496;CC du Pays Calaisien;CC;14
247200512;CC du Val du Loir;CC;9
247200520;CC Maine 301;CC;10
247200538;CC du Pays Bilurien;CC;8
247200546;CC des Alpes Mancelles;CC;13
247200579;CC de la Champagne Conlinoise;CC;15
247200587;CC du Saosnois;CC;25
247200595;CC du Pays Belmontais;CC;13
247200629;CC du Val de Sarthe;CC;15
247200637;CC de Loir et Bercé;CC;12
247200652;CC Aune et Loir;CC;6
247200678;CC des Portes du Maine Normand;CC;14
247200686;CC du Pays de l'huisne Sarthoise;CC;26
247200694;CC du Pays Marollais;CC;17
247200702;CC du Val de Braye;CC;15
247200728;CC du Bocage Cénoman;CC;5
247200736;CC des Rives de Sarthe;CC;4
247300015;CC des Vallées d'Aigueblanche;CC;7
247300049;CA du Lac du Bourget;CA;17
247300098;CA Chambéry Métropole;CA;24
247300148;CC de Haute Maurienne Vanoise;CC;7
247300254;CC Maison de l'Intercommunalité de Haute Tarentaise;CC;8
247300262;CC de Yenne;CC;13
247300338;CC de Chautagne;CC;8
247300346;CC Coeur de Maurienne;CC;8
247300353;CC Terra Modana;CC;7
247300361;CC du Canton de la Chambre;CC;14
247300452;CC Maurienne Galibier;CC;6
247300528;CC Val Guiers;CC;13
247300569;CC du Coeur des Bauges;CC;14
247300593;CC du Canton d'Albens;CC;8
247300668;CC du Lac d'Aiguebelette (Ccla);CC;10
247300676;CC Porte de Maurienne;CC;12
247300718;CC de l'Arvan;CC;8
247300759;CC du Beaufortain;CC;4
247300767;CC de la Région d'Albertville (Co.Ral);CC;18
247300791;CC de la Haute Combe de Savoie;CC;11
247300817;CC les Versants d'Aime;CC;9
247400047;CC de la Vallée Verte;CC;8
247400070;CC de la Semine;CC;7
247400112;CC du Pays de Cruseilles;CC;13
247400427;CA d'Annecy;CA;13
247400567;CC Fier et Usses;CC;7
247400575;CC du Pays d'Alby;CC;11
247400583;CC Arve et Salève;CC;8
247400617;CC des Vallées de Thônes;CC;13
247400658;CC du Pays de Fillière;CC;9
247400666;CC des Quatre Rivières;CC;11
247400682;CC du Haut-Chablais;CC;15
247400690;CC du Genevois;CC;17
247400724;CC du Pays Rochois;CC;9
247400732;CC de la Rive Gauche du Lac d'Annecy;CC;7
247400740;CC du Canton de Rumilly;CC;18
247400773;CC du Pays de Faverges;CC;10
247400781;CC de la Tournette;CC;4
247400823;CC du Pays de Seyssel;CC;11
247400831;CC du Bas-Chablais;CC;17
247400849;CC des Collines du Léman;CC;7
247400856;CC du Val des Usses;CC;8
247400864;CC du Pays d'Evian;CC;16
247600216;CC de Blangy-Sur-Bresle;CC;28
247600331;CA Fécamp Caux Littoral Agglo;CA;13
247600380;CC de la Côte d'Albâtre;CC;38
247600398;CC du Petit Caux;CC;18
247600448;CC Saint-Saëns - Porte de Bray;CC;15
247600455;CC du Moulin d'Ecalles;CC;26
247600463;CC du Plateau de Martainville;CC;13
247600497;CC du Canton de Criquetot-l'esneval;CC;21
247600505;CC Campagne-De-Caux;CC;22
247600513;CC du Pays Neufchâtelois;CC;23
247600539;CC Caux Estuaire;CC;16
247600562;CC Coeur de Caux;CC;22
247600570;CC du Canton de Valmont;CC;22
247600588;CC Bresle Maritime;CC;21
247600596;CA Havraise (Co.D.A.H.);CA;17
247600604;CC de Londinières;CC;17
247600620;CC de la Région d'Yvetot;CC;14
247600638;CC Plateau de Caux - Fleur de Lin;CC;21
247600646;CC Caux - Austreberthe;CC;7
247600653;CC du Plateau Vert;CC;10
247600661;CC du Canton de Forges-Les-Eaux;CC;21
247600679;CC des Trois Rivières;CC;25
247600687;CC du Canton d'Aumale;CC;15
247600695;CC du Canton de Gournay-En-Bray;CC;18
247600703;CC Varenne-Et-Scie;CC;22
247600711;CC du Bosc d'Eawy;CC;15
247600729;CC des Monts-Et-Vallées;CC;16
247600737;CC Entre Mer et Lin;CC;17
247600745;CC Saâne-Et-Vienne;CC;31
247600760;CC des Portes Nord-Ouest de Rouen;CC;23
247600778;CC d'Yerville - Plateau de Caux;CC;19
247600786;CA de la Région Dieppoise;CA;16
247600794;CC des Monts-Et-De-l'andelle;CC;15
247600802;CC Yères-Et-Plateaux;CC;13
247700024;CC du Pays Fertois;CC;19
247700032;CC Moret Seine et Loing;CC;21
247700040;CC Vallées et Châteaux;CC;13
247700057;CA Melun Val de Seine;CA;14
247700065;CC du Pays de l'Ourcq;CC;22
247700107;CC Deux Fleuves;CC;14
247700115;CC Seine Ecole;CC;2
247700123;CC du Pays de Fontainebleau;CC;5
247700339;SAN Val d'Europe;SA;5
247700370;CA de Sénart;CA;8
247700404;CC Monts de la Goële;CC;4
247700438;CC Pays Créçois;CC;19
247700479;CC du Bocage Gâtinais;CC;8
247700487;CC Brie Boisée;CC;5
247700495;CC Val Bréon;CC;10
247700529;CC la Brie des Moulins;CC;4
247700586;CC Pays de Bière;CC;10
247700594;CA Marne et Gondoire;CA;18
247700602;CC Entre Seine et Forêt;CC;3
247700610;CC Pays de Seine;CC;3
247700628;CA Pays de Meaux;CA;18
247700644;CC l'Orée de la Brie;CC;3
247700651;CC les Sources de l'Yerres;CC;9
247700677;CA Marne et Chantereine;CA;4
247700685;CC des Gués de l'Yerres;CC;9
247700693;CC la Brie Centrale;CC;8
247700701;CC Brie Nangissienne;CC;15
247700719;CC de l'Yerres À l'Ancoeur;CC;9
247800014;CA de Mantes en Yvelines;CA;35
247800451;CA de Saint Quentin en Yvelines;CA;7
247800527;CC des Portes de l'Ile de France (Ccpif);CC;9
247800550;CC du Pays Houdanais (C.C.P.H.);CC;36
247800584;CA Versailles Grand Parc (C.A.V.G.P.);CA;18
247800592;CC Contrée d'Ablis-Porte d'Yvelines (Capy);CC;8
247800600;CA Plaines et Forêts d'Yveline (PFY);CA;25
247800618;CC Coeur d'Yvelines;CC;31
247800626;CC Seine Mauldre (Ccsm);CC;3
247800634;CC des Etangs (Cce);CC;5
247800659;CA de la Boucle de la Seine;CA;7
247900475;CC de Celles Sur Belle;CC;9
247900509;CC du Val d'Egray;CC;8
247900558;CC du Coeur du Poitou;CC;27
247900608;CC du Pays Sud Gâtine;CC;12
247900681;CC du Val de Boutonne;CC;19
247900798;CC du Thouarsais;CC;33
248000341;CC du Pays Hamois;CC;18
248000358;CC du Pays Neslois;CC;24
248000416;CC du Doullennais;CC;18
248000432;CC Avre Luce Moreuil (Ccalm);CC;23
248000457;CC du Val de Nièvre et Environs;CC;20
248000473;CC du Vimeu Vert;CC;12
248000481;CC de l'Ouest d'Amiens;CC;18
248000499;CC du Val de Somme;CC;32
248000507;CC du Santerre;CC;20
248000523;CC du Val de Noye;CC;26
248000531;CA Amiens Métropole;CA;33
248000549;CC de Haute Picardie;CC;26
248000556;CC de l'Abbevillois;CC;13
248000580;CC de la Région d'Oisemont;CC;34
248000614;CC de la Région d'hallencourt;CC;18
248000622;CC du Canton de Nouvion;CC;17
248000630;CC du Vimeu Industriel;CC;14
248000648;CC du Canton de Conty;CC;23
248000663;CC de la Baie de Somme Sud;CC;13
248000689;CC du Bernavillois;CC;26
248000697;CC Bocage Hallue;CC;26
248000705;CC du Haut Clocher;CC;20
248000739;CC du Canton de Montdidier;CC;34
248000747;CC du Pays du Coquelicot;CC;67
248000762;CC du Sud Ouest Amiénois;CC;63
248100158;CC du Sor et de l'Agout;CC;26
248100380;CC Tarn et Dadou;CC;29
248100430;CA de Castres Mazamet;CA;16
248100471;CC du Rabastinois;CC;7
248100497;CC Val 81;CC;19
248100638;CC des Vals et Plateaux des Monts de Lacaune;CC;8
248100661;CC des Monts de Lacaune;CC;11
248100711;CC Sidobre Val d'Agoût;CC;11
248100737;CA de l'Albigeois (C2a);CA;17
248100745;CC Haute Vallée du Thoré;CC;7
248200016;CC des Deux Rives;CC;28
248200040;CC du Quercy Vert;CC;6
248200057;CC du Quercy Caussadais;CC;19
248200065;CC de la Lomagne Tarn-Et-Garonnaise;CC;31
248200099;CA Grand Montauban;CA;8
248200107;CC du Quercy Rouergue et des Gorges de l'Aveyron;CC;17
248200115;CC du Sud-Quercy de Lafrançaise;CC;7
248200164;CC Terres de Confluences;CC;6
248200172;CC du Terroir Grisolles/Villebrumier;CC;13
248200180;CC Garonne et Canal;CC;6
248200198;CC Terrasses et Vallée de l'Aveyron;CC;7
248200206;CC du Pays de Garonne et de Gascogne;CC;9
248300394;CA du Sud Sainte Baume;CA;9
248300410;CC de la Vallée du Gapeau;CC;5
248300493;CA Dracénoise;CA;19
248300501;CC du Val d'Issole;CC;8
248300527;CC Comté de Provence;CC;12
248300535;CC Sainte Baume - Mont Aurélien;CC;8
248300543;CA Toulon Provence Méditerranée;CA;12
248300550;CC Coeur du Var;CC;11
248300584;CC Artuby Verdon;CC;9
248400053;CA Ventoux-Comtat-Venaissin (Cove);CA;25
248400160;CC Aygues-Ouvèze en Provence (Ccaop);CC;8
248400236;CC des Pays de Rhône et Ouvèze;CC;7
248400251;CA du Grand Avignon (Coga);CA;15
248400285;CC Territoriale Sud-Luberon;CC;14
248400293;CC des Sorgues du Comtat;CC;3
248400319;CC du Pays des Sorgues et des Monts de Vaucluse;CC;5
248400327;CC des Portes du Luberon;CC;7
248400335;CC Pays Vaison Ventoux (Copavo);CC;19
248500035;CC Terres de Montaigu;CC;10
248500092;CC du Pays de Fontenay-Le-Comte;CC;20
248500191;CC de l'Ile de Noirmoutier;CC;4
248500233;CC du Talmondais;CC;9
248500258;CC Océan Marais de Monts;CC;5
248500340;CC Pays de Chantonnay;CC;8
248500415;CC du Pays de la Châtaigneraie;CC;19
248500456;CC du Pays de Palluau;CC;9
248500464;CC du Pays de Pouzauges;CC;13
248500472;CC du Canton de Saint Fulgent;CC;8
248500480;CC des Isles du Marais Poitevin;CC;10
248500506;CC de Vie et Boulogne;CC;8
248500514;CC du Canton de Rocheservière;CC;6
248500530;CC du Pays des Achards;CC;11
248500548;CC du Pays de Sainte Hermine;CC;12
248500563;CC Vendée, Sèvre, Autise;CC;16
248500571;CC du Pays des Essarts;CC;7
248500589;CA la Roche Sur Yon - Agglomération;CA;15
248500597;CC de l'Auzance et de la Vertonne;CC;3
248500605;CC des Olonnes;CC;3
248500621;CC du Pays des Herbiers;CC;8
248500639;CC du Pays du Moutierrois;CC;11
248500647;CC du Pays de l'hermenault;CC;8
248500662;CC du Canton de Mortagne-Sur-Sèvre;CC;12
248500670;CC du Pays Mareuillais;CC;11
248500704;CC du Pays Né de la Mer;CC;11
248500712;CC du Pays de Challans;CC;6
248500720;CC du Pays du Gois;CC;4
248600157;CA Grand Poitiers;CA;13
248600371;CC de la Région de Couhé;CC;10
248600389;CC du Pays Mélusin;CC;9
248600397;CC du Montmorillonnais;CC;37
248600405;CC du Lussacois;CC;10
248600413;CA du Pays Châtelleraudais;CA;13
248600421;CC du Pays Chauvinois;CC;10
248600447;CC du Pays Loudunais;CC;45
248600454;CC du Val Vert du Clain;CC;6
248600553;CC du Pays Gencéen;CC;9
248600561;CC du Pays Vouglaisien;CC;13
248600579;CC du Lencloitrais;CC;9
248600587;CC du Neuvillois;CC;10
248600595;CC de Vienne et Moulière;CC;10
248600603;CC des Vals de Gartempe et Creuse;CC;11
248700130;CC Porte d'Occitanie;CC;9
248700148;CC des Monts de Châlus;CC;7
248700155;CC l'Aurence et Glane Développement;CC;9
248700163;CC du Haut Limousin;CC;18
248700189;CC du Pays de Saint Yrieix;CC;9
248700197;CC du Pays de la Météorite;CC;5
248710600;CC du Pays de Nexon;CC;8
248719239;CC de la Basse Marche;CC;11
248719262;CC Gartempe - Saint Pardoux;CC;8
248719288;CC du Val de Vienne;CC;9
248719296;CC de la Vallée de la Gorre;CC;6
248719304;CC Vienne Glane;CC;8
248719312;CA Limoges Métropole;CA;19
248719320;CC des Monts d'Ambazac et du Val du Taurion;CC;7
248719338;CC Briance Combade;CC;10
248719353;CC des Portes de Vassivière;CC;12
248719361;CC de Noblat;CC;12
248719379;CC Brame Benaize;CC;15
248800013;CC de la Moyenne Moselle;CC;31
248800336;CC de Bulgnéville Entre Xaintois et Bassigny;CC;34
248800351;CC du Pays de Saône et Madon;CC;22
248800369;CC des Hauts Champs;CC;5
248800419;CC du Pays de Châtenois;CC;26
248800435;CC des Vosges Méridionales;CC;3
248800450;CC de la Vallée de la Plaine;CC;9
248800609;CC du Secteur de Dompaire;CC;33
248800617;CC de la Haute Moselotte;CC;5
248800625;CC du Val de Neuné;CC;9
248800658;CC de Gérardmer - Monts et Vallées;CC;9
248800666;CC de la Porte des Hautes Vosges;CC;6
248800682;CC des Marches de Lorraine;CC;20
248800690;CC du Pays de la Saône Vosgienne;CC;19
248800740;CC de Vittel-Contrexéville;CC;11
248900334;CC du Sénonais;CC;19
248900383;CC de l'Agglomération Migennoise;CC;8
248900524;CC de l'Aillantais;CC;20
248900532;CA de l'Auxerrois;CA;21
248900565;CC de Seignelay-Brienon;CC;14
248900664;CC de la Vanne et du Pays d'Othe;CC;24
248900748;CC du Gâtinais en Bourgogne;CC;23
248900771;CC du Pays Coulangeois;CC;12
248900813;CC Entre Cure et Yonne;CC;15
248900896;CC Yonne Nord;CC;23
248900938;CC du Jovinien;CC;20
249000019;CA de l'Agglomération Belfortaine;CA;33
249000118;CC la Haute Savoureuse;CC;8
249000217;CC du Pays Sous Vosgien;CC;14
249000241;CC du Sud Territoire;CC;27
249100074;CC du Pays de Limours (Ccpl);CC;14
249100157;CC des 2 Vallées;CC;15
249100348;CA Evry Centre Essonne (Caece);CA;6
249100355;SAN de Sénart en Essonne;SA;4
249100405;CA du Plateau de Saclay (Caps);CA;11
249100470;CA de Seine-Essonne (Case);CA;5
249100496;CA Les Portes de l'Essonne (CALPE);CA;5
249100504;CA du Val d'Orge (Cavo);CA;10
249100512;CA du Val d'Yerres (Cavy);CA;6
249100520;CA Sénart Val de Seine (Casvs);CA;3
249100538;CC de l'Arpajonnais (Cca);CC;14
249100546;CC du Val d'Essonne (Ccve);CC;21
249100553;CC Entre Juine et Renarde (Ccejr);CC;13
249100579;CA Les Lacs de l'Essonne (CALE);CA;2
249100595;CC Le Dourdannais en Hurepoix (CCDH);CC;11
249200015;CA des Hauts de Bièvre;CA;7
249200049;CA Coeur de Seine;CA;3
249200056;CA Sud de Seine;CA;4
249200072;CC de Châtillon - Montrouge;CC;2
249300070;CA de Clichy S/ Bois - Montfermeil;CA;2
249300088;CA Plaine Commune;CA;9
249400060;CA Val de Bièvre;CA;7
249400078;CA Vallée de la Marne;CA;2
249400086;CA Haut Val de Marne;CA;7
249400094;CA Plaine Centrale du Val de Marne;CA;3
249400102;CC du Plateau Briard;CC;6
249400110;CC de Charenton - Saint Maurice;CC;2
249500109;CA de Cergy-Pontoise;CA;13
249500323;CC du Pays de France;CC;10
249500380;CA Val de France;CA;6
249500398;CA Val et Forêt;CA;6
249500406;CC de l'Ouest de la Plaine de France;CC;7
249500414;CA de la Vallée de Montmorency;CA;9
249500430;CC de la Vallée du Sausseron;CC;13
249500455;CC de la Vallée de l'Oise et des Trois Forêts;CC;7
249500471;CC Carnelle - Pays de France;CC;10
249500489;CC du Haut Val d'Oise;CC;8
249500497;CC de la Vallée de l'Oise et des Impressionnistes;CC;6
249500513;CC du Vexin-Val de Seine;CC;26
249500521;CA le Parisis;CA;10
249710047;CC de Marie-Galante;CC;3
249710062;CA du Nord Basse-Terre;CA;6
249710070;CA du Sud Basse-Terre;CA;11
249720053;CA de l'Espace Sud de la Martinique;CA;12
249720061;CA du Centre de la Martinique;CA;4
249730037;CC de l'Ouest Guyanais;CC;8
249730045;CA du Centre Littoral;CA;6
249730052;CC de l'Est Guyanais;CC;4
249740077;CA Civis (Communauté Intercommunale des Villes Solidaires);CA;6
249740085;CA du Sud;CA;4
249740093;CA Intercommunale de la Réunion Est (Cirest);CA;6
249740101;CA Territoire de la Côte Ouest (Tco);CA;5
249740119;CA Intercommunale du Nord de la Réunion (Cinor);CA;3
251000832;CC Seine Barse;CC;13
256500612;CC du Pays Toy;CC;15
